Weak Regression,Less Weak Regression,Weak Medium Regression,Medium Regression,Strong Medium Regression,Less Strong Regression,Strong Regression,Feature
9.563847682,4.176813545,2.815412885,0.331102414,0.252730427,0.000160835,0,800
0.394740262,0.312617612,0,0,0,0,0,800.5
4.631773018,1.455777042,0.642665327,0,0,0,0,801
4.934299939,1.902756489,1.241993148,0,0,0,0,801.5
2.762118589,1.340778579,0.875732329,0,0,0.044281387,0,802
0.103741827,0.431408919,0.071501313,0,0,0.013312307,0,802.5
2.455153218,0.304855119,0,0,0,0,0,803
3.311155809,0.660238433,0,0.141181585,0,0,0,803.5
2.542695832,0.564946045,0,0.395545005,0.011197271,0,0,804
0.305002935,0.031793996,0,0,0,0,0,804.5
1.797590214,0.397412717,0,0,0,0,0,805
3.234477898,0.567449837,0,0,0,0,0,805.5
3.330323858,0.574510207,0,0,0,0,0,806
1.779315104,0,0,0,0,0,0,806.5
0.434379762,0.478785776,0.194567609,0.035396331,0,0,0,807
2.56977477,1.044978809,0.8312701,0.62248383,0,0,0,807.5
3.982282386,1.297277682,0.779697632,0.051657406,0,0,0,808
4.059622885,1.144620726,0.185038185,0,0,0,0,808.5
2.782103451,0.555495405,0,0,0,0,0,809
0.852754428,0.073149998,0,0,0,0,0,809.5
1.322067757,0.573806729,0.025096878,0,0,0,0,810
2.982696806,0.908135686,0.482717018,0,0,0,0,810.5
3.473099389,1.061024662,0.364378156,0.174042642,0,0,0,811
2.857887625,0.77305873,0,0,0,0,0,811.5
1.237270409,0.235396043,0,0,0.006753186,0,0,812
0.565192505,0.069798884,0,0,0,0,0,812.5
2.074001252,0.566336123,0,0,0,0,0,813
2.586458412,0.716345366,0.091577997,0,0,0,0,813.5
2.146478029,0.58416227,0,0,0,0,0,814
0.880527384,0.275959741,0,0,0,0,0,814.5
0.515009192,0,0,0,0,0,0,815
1.701906411,0.354365647,0,0,0,0,0,815.5
2.254038733,0.611052271,0,0.183202878,0,0,0,816
1.838548999,0.499277933,0,0,0,0,0,816.5
0.75345846,0.230812757,0,0,0,0,0,817
0.495723212,0,0,0,0,0,0,817.5
1.535862343,0.203252767,0.017384526,0,0,0,0,818
2.328952205,0.722092662,0.51317876,0,0,0,0,818.5
2.137139732,0.824172302,0.548013283,0,0,0,0,819
1.35424076,0.74631311,0.088503729,0,0.000295927,0,0,819.5
0.360546469,0.492617284,0,0,0.107209838,0,0,820
0.52510342,0.106107715,0,0,0.027180039,0.034285643,0,820.5
1.057718863,0,0,0.055798518,0,0,0,821
1.251648138,0.373349209,0,0,0,0,0,821.5
1.320261268,0.643214097,0.40018891,0,0,0,0,822
1.159283057,0.849554938,0.678049628,0,0,0,0,822.5
0.941144518,0.890822125,0.534852426,0,0,0,0,823
0.548661716,0.658233536,0,0,0,0,0,823.5
0.096965778,0.26391277,0,0,0,0,0,824
0.474301236,0.012496004,0,0,0,0,0,824.5
1.200805852,0.699258953,0,0.230689828,0,0,0,825
2.023501753,1.325769455,0.99870425,0,0,0,0,825.5
2.589917506,1.631140348,1.434156802,0,0,0,0,826
2.614266745,1.544436344,0.916234864,0,0,0,0,826.5
1.820248248,1.048642978,0,0,0,0,0,827
0.39894843,0.112496771,0,0,0,0,0,827.5
1.124408482,0.57616095,0,0,0.110809846,0,0,828
2.473201251,1.335713317,0.81367521,0.034871768,0,0,0,828.5
3.082979446,1.790234622,1.510680273,0.259370801,0,0,0,829
2.818042119,1.631406464,1.178060971,0,0,0,0,829.5
2.065846697,1.106307997,0.106288224,0,0,0,0,830
1.123253945,0.330912458,0,0,0,0,0,830.5
0.256164414,0,0,0,0,0,0,831
0.339306018,0.584283293,0,0,0,0,0,831.5
0.968871475,0.999742116,0.566834779,0,0,0,0,832
1.715969909,1.243650426,1.092894892,0,0,0,0,832.5
2.646077793,1.330075263,1.067514277,0.193559565,0,0,0,833
3.358329044,1.216395804,0.459481572,0.216990105,0,0,0,833.5
3.330814902,0.856695695,0,0,0,0,0,834
2.289539865,0.253369375,0,0,0,0,0,834.5
0.667113939,0,0,0,0,0,0,835
1.188485143,0.708198119,0,0,0,0,0,835.5
2.727299926,1.005315359,0.492522189,0,0,0,0,836
3.422671107,1.079809078,0.586465889,0,0,0,0,836.5
3.138922438,0.810059836,0.086254416,0,0,0,0,837
2.116244772,0.308103107,0,0,0,0,0,837.5
0.590923076,0,0,0,0,0,0,838
0.75507338,0.275163011,0,0,0.05101396,0,0,838.5
1.992387849,0.710070519,0,0,0.066901109,0,0,839
2.706457184,0.946139045,0.214218719,0.111567396,0,0,0,839.5
2.735045439,0.899800035,0.52233733,0.218368232,0,0,0,840
1.942977248,0.497183136,0.47168916,0,0,0,0,840.5
0.889389808,0.096729896,0.258132323,0,0,0,0,841
0.202921141,0.036883471,0.005694195,0,0,0,0,841.5
1.021537119,0.128219049,0,0,0,0,0,842
1.25607135,0.122950125,0,0,0,0,0,842.5
0.864511088,0.070283976,0,0,0,0,0,843
0.152655124,0,0,0,0,0,0,843.5
0.327582999,0,0.067985346,0,0,0,0,844
0.499811513,0.101597441,0.039379369,0,0,0,0,844.5
0.441987001,0.196218067,0,0.010937525,0,0,0,845
0.090823015,0,0,0.142851254,0,0,0,845.5
0.415017308,0.028683524,0,0.209065172,0,0,0,846
0.39028057,0.080224447,0.094646156,0.069890304,0,0,0,846.5
0.179724934,0.249429267,0.299334386,0,0,0,0,847
1.167730855,0.391836021,0.383522456,0,0,0,0,847.5
1.979099748,0.459497561,0.211306908,0,0,0,0,848
1.988233635,0.346374433,0,0,0,0,0,848.5
0.859714827,0,0,0,0,0,0,849
0.659481491,0.108929507,0,0,0,0,0,849.5
2.280794418,0.499869897,0,0,0.010482689,0,0,850
2.880076782,0.502576802,0,0,0.09945099,0,0,850.5
2.037458919,0.123159284,0,0,0,0,0,851
0.276103754,0.072937249,0,0,0,0,0,851.5
1.728960388,0.584309338,0,0,0,0,0,852
3.070415625,0.811095304,0,0,0,0,0,852.5
3.057500055,0.600011433,0,0,0,0,0,853
1.982582756,0.174875469,0,0,0,0,0,853.5
0.150160595,0.066366434,0,0,0,0,0,854
1.737300353,0.611561,0,0,0,0,0,854.5
2.91097828,0.83268215,0.155625912,0,0,0,0,855
3.110016239,0.755081894,0,0,0,0,0,855.5
2.004503926,0.331078084,0,0,0,0,0,856
0.139894548,0.000160998,0,0,0,0,0,856.5
1.79543158,0.626125905,0,0,0.040484492,0,0,857
3.113128057,0.938073258,0.150440827,0.039350419,0.081886398,0,0,857.5
3.02419749,0.982855476,0.595092997,0.116184755,0.007331054,0,0,858
1.521552939,0.431532474,0.368242323,0.105666042,0,0,0,858.5
0.10134069,0,0,0.066808495,0,0,0,859
1.717784,0.18636581,0,0,0,0,0,859.5
2.090252261,0.335051606,0,0.017441333,0,0,0,860
1.193992026,0.100419945,0,0,0,0,0,860.5
0.285902145,0,0,0,0,0,0,861
1.555613207,0.199662349,0,0,0,0,0,861.5
1.959455285,0.191154321,0,0,0,0,0,862
1.009474591,0,0,0,0,0,0,862.5
0.232193977,0,0.097846073,0,0,0,0,863
1.288944849,0.235044352,0,0,0,0,0,863.5
1.504329205,0.251544686,0,0,0,0,0,864
1.043492466,0.050021153,0,0,0,0,0,864.5
0.069909218,0,0,0,0,0,0,865
0.503815609,0.166721582,0,0,0.021331535,0,0,865.5
0.71923281,0.280031724,0.05022602,0,0.045616065,0,0,866
0.702552505,0.317079655,0.352141859,0,0,0,0,866.5
0.695750882,0.347535131,0.253686014,0,0,0,0,867
0.719798889,0.348204068,0,0,0,0,0,867.5
0.841820812,0.164086579,0,0,0,0,0,868
0.682247039,0,0,0.038110519,0,0,0,868.5
0.160892573,0.084371782,0,0.139430187,0,0,0,869
0.534237991,0.351266904,0,0.020903465,0,0,0,869.5
1.334730224,0.516408827,0.169303778,0,0,0,0,870
1.702212872,0.541336287,0.032424277,0,0,0,0,870.5
1.331735114,0.185885091,0,0,0,0,0,871
0.3672975,0.011574546,0,0,0,0,0,871.5
0.893055564,0.560611121,0,0,0,0,0,872
2.137145641,1.018977166,0.134341791,0,0,0,0,872.5
2.721889136,1.188115817,0.612074616,0.004732708,0,0,0,873
2.481420591,0.963425918,0.557996771,0.165032956,0,0,0,873.5
1.393873467,0.419124659,0,0,0,0,0,874
0.008963672,0.092641407,0,0,0,0,0,874.5
1.452655228,0.62209509,0,0,0,0,0,875
2.264684269,0.903390885,0,0,0,0,0,875.5
2.090407613,0.829512791,0.128927646,0,0,0,0,876
1.221901613,0.414580361,0.137908593,0,0,0,0,876.5
0.066141881,0,0,0,0,0,0,877
0.653213243,0.223583995,0,0,0,0,0,877.5
0.838399098,0.360782135,0,0,0,0,0,878
0.455690162,0.234479421,0.173324815,0,0,0,0,878.5
0.058549076,0.045692251,0.349029984,0,0,0,0,879
0.025384662,0.062409765,0.148186966,0,0,0,0,879.5
0.218604741,0.069091631,0,0,0,0,0,880
0.731285241,0,0,0,0,0,0,880.5
1.051822504,0.15460042,0,0,0,0,0,881
0.951602079,0.417887206,0.18626093,0,0.009924459,0,0,881.5
0.434381059,0.51919237,0.806323815,0.457222039,0,0,0,882
0.336987598,0.449335692,0.933196423,0.04107172,0,0,0,882.5
0.674872737,0.428427412,0.634399182,0,0,0,0,883
0.445221703,0.352181512,0.049323202,0,0,0,0,883.5
0.206735933,0.312535815,0,0,0,0,0,884
0.96369946,0.200844487,0,0,0,0,0,884.5
1.310047055,0.14943839,0,0,0,0,0,885
1.091808822,0.078844248,0.085742391,0,0,0,0,885.5
0.299011557,0.441600631,0.686279291,0.039234283,0,0,0,886
0.686063661,0.715831045,0.736121887,0,0,0,0,886.5
1.271476409,0.677879046,0.142098175,0,0,0,0,887
1.543313589,0.417313516,0,0,0,0,0,887.5
1.340109582,0.101921753,0,0,0,0,0,888
0.758578295,0.053307481,0,0,0.014696021,0,0,888.5
0.05131581,0.501183146,0.300582724,0,0,0,0,889
0.963041447,0.793845794,0.898395751,0,0,0,0,889.5
1.915209597,0.991432849,0.887528439,0.290419412,0,0,0,890
2.362709318,0.854102404,0.172927739,0.090470697,0,0,0,890.5
2.123091137,0.535279059,0,0,0,0,0,891
1.177942306,0,0,0,0,0,0,891.5
0.132760862,0.245230371,0,0,0,0,0,892
1.471647214,0.661779044,0.234125151,0,0,0,0,892.5
2.113121375,0.722107623,0.426035174,0,0,0,0,893
1.895752486,0.391122723,0,0,0,0,0,893.5
0.946378386,0,0,0,0,0,0,894
0.06452448,0.187037294,0,0.052883022,0,0,0,894.5
1.01132884,0.585703141,0,0.029998216,0,0,0,895
1.340575575,0.60824015,0,0,0,0,0,895.5
1.078855857,0.239783253,0.218661134,0,0.052465749,0,0,896
0.717638157,0,0.062514645,0,0.146451992,0,0,896.5
0.627705652,0.090399464,0,0,0,0,0,897
0.563040066,0.239808735,0,0,0,0.016264022,0,897.5
0.26471497,0.232994619,0,0,0,0.023916821,0,898
0.287844016,0.242183921,0,0,0,0,0,898.5
1.163978865,0.207967618,0,0,0,0,0,899
1.780826045,0.109604925,0,0,0,0,0,899.5
1.706150436,0,0,0,0,0,0,900
0.789471724,0.043120984,0,0,0,0,0,900.5
0.469704659,0.393499933,0,0,0,0,0,901
1.64405644,0.638708816,0.377278654,0,0,0,0,901.5
1.987276089,0.489747632,0.355562516,0.298570323,0,0,0,902
1.478782051,0.190169649,0.054598799,0.153557206,0,0,0,902.5
0.406215531,0,0,0,0,0,0,903
0.328457348,0.095321417,0,0,0,0,0,903.5
0.351713667,0.011566843,0,0,0,0,0,904
0.122570735,0,0,0,0,0,0,904.5
1.14404804,0.494115641,0.366593208,0,0,0,0,905
1.848349908,0.8511379,0.509623541,0,0,0,0,905.5
1.672510135,0.790074105,0.05775579,0,0,0,0,906
0.717117201,0.318193197,0,0,0,0,0,906.5
0.572164895,0.037314538,0,0,0,0,0,907
1.984294986,0.65168179,0,0,0,0,0,907.5
2.899257552,1.092009955,0.158047048,0,0,0.014748573,0,908
2.853040555,1.167926634,0.585002851,0,0,0,0,908.5
1.837799568,0.876879515,0.257777895,0,0,0,0,909
0.052624573,0.122079005,0,0,0.001783204,0,0,909.5
1.457888091,0.269979619,0,0,0,0,0,910
2.638045122,0.902531703,0,0,0,0,0,910.5
2.927046183,1.262119286,0,0,0,0,0,911
2.148455052,1.180645131,0.519813702,0,0,0,0,911.5
1.027691854,0.927824101,0.80217021,0,0,0,0,912
0.254856825,0.635336435,0.875282909,0.460322449,0,0,0,912.5
0.08260082,0.386730262,0.6936419,0.50053889,0,0,0,913
0.617117128,0.282747517,0.296067671,0,0,0,0,913.5
0.86688837,0,0,0,0,0,0,914
0.941817928,0,0,0,0,0,0,914.5
0.127250413,0.03655768,0,0,0,0,0,915
1.054624722,0.28740368,0,0,0,0,0,915.5
2.005342079,0.347905816,0,0,0,0,0,916
1.939928099,0.223595078,0,0,0,0,0,916.5
0.959819128,0,0,0,0.060840077,0.008054442,0,917
0.278284511,0.191852983,0,0.096460241,0.107877998,0.086994382,0,917.5
1.820330914,0.581849885,0,0.004969325,0,0.026552934,0,918
2.881765746,0.797659107,0,0,0,0,0,918.5
3.022023483,0.662572617,0,0,0,0,0,919
2.118420217,0.230321559,0,0,0,0,0,919.5
0.672172679,0,0,0,0,0,0,920
1.019610269,0.383746548,0,0,0,0,0,920.5
2.697143841,0.794670547,0,0,0,0,0,921
3.423986407,0.892488286,0,0,0,0,0,921.5
3.144878979,0.723665651,0,0,0,0,0,922
1.7476933,0.201895422,0,0,0,0,0,922.5
0.391131564,0.342169418,0,0.183830727,0,0,0,923
3.037755901,1.331534542,0.493352533,0.584655487,0,0,0,923.5
4.871830188,1.962432893,1.220296197,0.161906379,0,0,0,924
5.625186063,2.203813842,1.40411999,0,0,0,0,924.5
4.88088463,1.941357602,0.625334238,0,0,0,0,925
2.603488647,1.090365891,0,0,0,0,0,925.5
0.329038741,0,0,0,0,0,0,926
2.933627764,0.722031112,0,0,0,0,0,926.5
4.824198134,1.576925115,0.151972191,0,0,0,0,927
4.605371911,1.747248632,0.992365679,0,0,0,0,927.5
2.927326759,1.292748833,0.820443466,0,0,0,0,928
0.440129524,0.600303519,0,0,0,0,0,928.5
1.469314619,0,0,0,0,0.012769801,0,929
2.407689747,0.35221559,0,0,0,0.03326973,0,929.5
1.803702703,0.507011115,0,0,0.077785934,0.024780463,0,930
0.543684023,0.335422991,0,0,0.016101082,0.012141303,0,930.5
0.513286451,0.17085594,0,0,0,0,0,931
0.840631802,0.119683931,0,0,0,0,0,931.5
0.220008727,0.351600051,0.37985118,0,0,0,0,932
0.793098442,0.56684333,0.706657767,0,0,0,0,932.5
1.905539076,0.882697232,0.863269536,0.317854515,0,0,0,933
2.084882851,0.866430622,0.541529486,0.269330869,0,0,0,933.5
1.698513472,0.655290949,0.055763779,0.023857027,0.027928044,0,0,934
0.594213583,0.250537946,0,0,0.031456011,0,0,934.5
0.512204478,0,0,0,0,0,0,935
1.290816657,0.159344194,0,0,0,0,0,935.5
1.366427359,0.267933443,0,0,0,0,0,936
0.75733702,0.200398409,0,0,0,0,0,936.5
0.181312457,0.018451134,0,0,0,0,0,937
1.159960355,0,0,0,0,0,0,937.5
1.848545544,0.282472631,0,0,0,0,0,938
1.912883614,0.360357298,0,0,0,0,0,938.5
1.457394157,0.46652241,0.208640943,0,0,0,0,939
0.567268766,0.458736207,0.404516148,0,0,0,0,939.5
0.243725812,0.444602464,0.549664759,0.104935867,0,0,0,940
0.731856736,0.382175046,0.58058612,0.456828675,0,0,0,940.5
0.590661327,0.514503379,0.593301487,0.502277047,0,0,0,941
0.164444455,0.590485962,0.540101836,0.252349056,0,0,0,941.5
0.568896219,0.602255421,0.378062779,0,0,0,0,942
1.321952888,0.629896088,0,0,0.12042114,0,0,942.5
1.67473142,0.464545878,0,0,0,0,0,943
1.483676739,0.087271132,0,0,0,0,0,943.5
1.000839464,0,0,0,0,0,0,944
0.234279949,0.094425617,0,0,0,0,0,944.5
0.367501107,0.282999627,0,0,0,0,0,945
0.752308038,0.32983957,0,0,0,0,0,945.5
0.635428298,0.03832812,0,0,0,0,0,946
0.319381418,0,0,0,0,0,0,946.5
0.177246155,0.421239062,0,0,0,0,0,947
0.991912339,0.736079987,0.270486789,0,0,0,0,947.5
1.468073249,1.082235916,0.912043855,0.118880156,0,0,0,948
1.481765794,0.974061946,0.977761306,0.588861241,0.086594681,0,0,948.5
1.035810919,0.696223896,0.582759534,0.433586897,0.084315454,0.033348728,0,949
0.134129833,0.11552948,0,0,0,0,0,949.5
0.265340557,0.006347079,0,0,0,0,0,950
0.247795245,0.136287871,0,0,0,0,0,950.5
0.307236865,0.078441832,0,0,0,0,0,951
1.217766509,0.057916359,0,0,0,0,0,951.5
1.581609251,0.126399415,0,0,0,0,0,952
1.391853712,0.432907518,0,0,0,0,0,952.5
0.413953117,0.448217369,0.271082196,0,0,0,0,953
0.676253967,0.449706888,0.471263776,0.293809741,0,0,0,953.5
1.349179501,0.441131054,0.610334706,0.441140003,0,0,0,954
1.025268908,0.589193525,0.729385872,0.187508549,0,0,0,954.5
0.423073287,0.761020304,0.786176928,0,0,0,0,955
2.595823929,1.119177965,0.631806655,0,0,0,0,955.5
4.223004656,1.133433342,0.139596357,0,0,0.041163191,0,956
4.3613668,0.801415217,0,0,0,0.018861691,0,956.5
2.467101174,0.160575055,0,0,0,0,0,957
0.67207777,0.583817932,0,0,0.196577507,0,0,957.5
4.242104396,1.554575203,0.757572817,0,0,0,0,958
6.060616958,1.818622625,1.023116636,0,0,0,0,958.5
5.317732395,1.252165501,0.12418422,0,0,0,0,959
1.985380864,0.101079658,0,0.211456284,0,0,0,959.5
2.412358054,1.291977309,0,0.623954021,0,0,0,960
6.35977801,2.659884451,1.576779698,0.308243834,0,0,0,960.5
8.146174746,3.122348657,2.37680126,0,0,0,0,961
6.796964331,2.424565694,1.660382476,0,0,0,0,961.5
2.933947714,0.982265365,0,0,0,0,0,962
1.5790893,0.192289348,0,0,0,0,0,962.5
5.110312088,1.61536135,0.350705591,0,0,0,0,963
6.245582667,2.121911742,1.258844382,0,0,0,0,963.5
4.63118545,1.721574103,1.070834008,0,0.100513042,0,0,964
1.233494106,0.696135107,0,0,0,0,0,964.5
2.273301552,0.318271596,0,0,0,0,0,965
4.632355986,1.170495938,0,0,0,0,0,965.5
4.980964098,1.514934906,0.600922419,0,0,0,0,966
3.229173165,1.25918841,0.754103446,0,0,0,0,966.5
0.270345683,0.497111896,0.306700654,0,0,0,0,967
2.45661694,0.199256436,0,0,0,0,0,967.5
3.862004581,0.612630375,0,0,0,0,0,968
3.567074791,0.739825741,0,0,0,0,0,968.5
1.66951133,0.354730758,0,0.09830475,0,0,0,969
0.869684814,0.03041336,0,0.271789431,0,0,0,969.5
3.004411943,0.698533019,0.197949842,0.407533709,0.099252844,0,0,970
4.183107285,1.102142761,0.701388903,0.398795278,0.190094798,0,0,970.5
4.117386174,1.37054895,1.042979803,0.225494491,0.014833355,0,0,971
2.857010137,1.222602618,0.873161411,0,0,0,0,971.5
1.104547736,0.745935726,0.197823978,0,0,0,0,972
0.587689477,0.245342432,0,0,0,0,0,972.5
1.85989931,0.087126552,0,0,0,0,0,973
2.373313887,0.332819731,0,0,0,0,0,973.5
2.157073035,0.515499654,0,0,0,0,0,974
1.233380652,0.488485368,0.388286556,0,0,0,0,974.5
0.085978675,0.36534657,0.503911859,0,0,0,0,975
0.864346584,0.158842837,0.243217552,0.207311473,0,0,0,975.5
1.45255368,0,0,0,0.119002298,0,0,976
1.346910405,0,0,0,0.097051289,0,0,976.5
0.497153554,0.075679178,0,0,0,0,0,977
0.383056091,0.133250462,0,0,0,0,0,977.5
1.302816601,0.183081948,0,0,0,0,0,978
1.258105438,0.120106667,0,0,0,0,0,978.5
0.456365496,0.251193382,0,0,0,0,0,979
0.938869673,0.94447685,0.725846292,0,0,0,0,979.5
2.404051064,1.56092666,1.318169018,0,0,0,0,980
3.23573504,1.751491418,1.265525384,0.564299892,0,0,0,980.5
3.313228652,1.515968864,0.410831093,0.395663612,0,0,0,981
2.429895299,0.797248493,0,0,0,0,0,981.5
0.809723234,0,0,0,0.044855855,0,0,982
0.745838237,0.633216138,0,0,0.15597765,0,0,982.5
2.343795311,1.373393087,0.666264277,0,0,0,0,983
3.087566449,1.524983616,0.877360429,0,0,0,0,983.5
2.943308344,1.146008378,0.152414213,0,0,0,0,984
1.855908948,0.378359706,0,0,0,0,0,984.5
0.221710813,0.137443511,0,0,0,0,0,985
1.785471732,1.240685787,0.12832813,0,0,0,0,985.5
3.543099363,1.997143647,1.25402833,0.248862439,0,0,0,986
4.321724209,2.06955623,1.408387331,0.224692128,0,0,0,986.5
3.768771743,1.563014847,0.427551715,0,0,0,0,987
2.203805742,0.622223989,0,0,0,0,0,987.5
0.028895399,0.103887611,0,0,0,0,0,988
2.205426849,1.165197921,0.0361472,0,0,0,0,988.5
3.625468267,1.679141272,0.868352704,0,0,0,0,989
3.673417301,1.539039438,0.599464897,0,0.009438593,0,0,989.5
2.26452304,0.750374537,0,0,0,0,0,990
0.053548179,0,0,0,0,0,0,990.5
2.323877707,0.911242248,0,0,0,0,0,991
3.577440031,1.504432375,0.634128884,0.230633162,0,0,0,991.5
3.355440045,1.472643089,0.780194816,0.013621614,0,0,0,992
1.521107575,0.738643111,0,0,0,0,0,992.5
0.697394815,0.028332828,0,0,0,0,0,993
2.580728019,0.750364556,0,0,0,0,0,993.5
3.14832828,1.119944933,0,0,0,0,0,994
2.376445874,1.012220825,0.419885367,0,0,0,0,994.5
0.564361014,0.392264839,0.056267869,0,0,0,0,995
1.221038378,0.136022747,0,0,0,0,0,995.5
2.579059403,0.65270689,0,0,0,0,0,996
2.911258745,0.991184251,0,0,0,0,0,996.5
2.277020951,0.975212213,0,0,0,0,0,997
0.98454678,0.737586614,0.349303161,0,0.074894012,0,0,997.5
0.187490855,0.484518465,0.673598445,0.024897068,0.008269439,0,0,998
1.047672646,0.129499848,0.660007384,0.52672305,0,0,0,998.5
1.275294341,0.048628047,0.487794762,0.426167464,0,0,0,999
0.595830929,0.055818953,0.471098377,0,0,0,0,999.5
0.163235324,0.15407266,0.137833934,0,0,0,0,1000
0.922308207,0.247156311,0,0,0,0,0,1000.5
1.354617535,0.316086373,0,0,0,0,0,1001
1.440987891,0.394576603,0,0,0,0,0,1001.5
1.054404938,0.286609678,0,0,0,0,0,1002
0.539051776,0.115412799,0,0,0,0,0,1002.5
0.019080954,0,0,0.039419038,0,0,0,1003
0.504784759,0.201340582,0.131958409,0.280875755,0.11761642,0.029440848,0,1003.5
0.937578546,0.454878735,0.310345857,0,0.116448839,0,0,1004
1.325846255,0.542853597,0.255388416,0,0,0,0,1004.5
1.382744219,0.504256,0.015165823,0,0,0,0,1005
1.128755801,0.276122944,0,0,0,0,0,1005.5
0.424756922,0,0,0,0,0,0,1006
0.597993535,0.26631488,0,0,0,0,0,1006.5
1.672830513,0.82111169,0,0,0,0,0,1007
2.277901532,0.932791611,0.48291633,0,0,0,0,1007.5
2.196993304,0.913623034,0.752232827,0,0,0,0,1008
1.519018621,0.658355452,0.735965519,0.209323168,0,0,0,1008.5
0.404598828,0.318887585,0.510364303,0.489678214,0,0,0,1009
0.422135745,0.058807568,0.247074991,0.347309103,0,0,0,1009.5
0.836081602,0,0.049911511,0.027626781,0,0,0,1010
0.657217421,0.031166483,0.04686525,0,0,0,0,1010.5
0.02252116,0.229675378,0.029809298,0,0,0,0,1011
1.040956275,0.520352297,0.080509028,0,0.039619564,0,0,1011.5
1.723290362,0.622073432,0,0,0.021872658,0,0,1012
1.810257005,0.503372549,0,0,0,0,0,1012.5
0.995521138,0.096284435,0,0,0,0,0,1013
0.18617279,0.155433842,0,0,0,0,0,1013.5
1.570661887,0.626732365,0,0,0,0,0,1014
2.395269759,0.980645892,0,0,0,0,0,1014.5
2.351290903,0.922636239,0,0,0,0,0,1015
1.265052232,0.443973611,0,0,0,0,0,1015.5
0.195197948,0.026508402,0,0,0,0,0,1016
1.948111587,0.866026408,0,0,0,0,0,1016.5
3.206021946,1.648316394,0.449538331,0.114796392,0,0,0,1017
3.906226473,2.060129816,1.196130034,0.276948739,0,0,0,1017.5
3.582372204,2.00176793,1.160906623,0.379194164,0,0,0,1018
2.556027908,1.490910453,0.377110007,0.276236399,0,0,0,1018.5
0.836679721,0.4561864,0,0,0,0,0,1019
1.041478401,0.339109917,0,0,0,0,0,1019.5
2.914272035,1.383728671,0,0,0,0,0,1020
4.103229173,1.992102227,0.736788308,0,0,0,0,1020.5
3.990990001,1.897875311,0.50326373,0,0,0,0,1021
2.517168768,1.082533359,0,0,0,0,0,1021.5
0.014578847,0,0,0,0,0,0,1022
3.002922219,1.268131786,0,0,0,0,0,1022.5
5.263783274,2.299569171,0.872010916,0,0,0,0,1023
5.898088775,2.594033863,1.255523928,0.159010357,0,0,0,1023.5
4.444625619,2.034786469,0.55286248,0.100778082,0,0,0,1024
1.479234108,0.745734706,0,0,0,0,0,1024.5
1.647856068,0.323510677,0,0,0,0,0,1025
3.889118313,1.4627333,0.255624056,0,0,0,0,1025.5
4.53759047,1.946222371,0.790652103,0,0.013576375,0,0,1026
3.407677473,1.654836667,0.273628331,0.092414878,0,0,0,1026.5
1.317155246,0.802949246,0,0.195687072,0,0,0,1027
0.746127872,0,0,0.2424711,0,0,0,1027.5
2.229577051,0.894663667,0,0.025402359,0,0,0,1028
3.021640147,1.574221936,0.854994375,0,0,0,0,1028.5
3.05259623,1.835740949,1.112048878,0,0,0,0,1029
2.567330113,1.649663711,0.868619908,0,0,0,0,1029.5
2.043688156,1.233254579,0.07585548,0,0,0,0,1030
1.174561038,0.547529132,0,0,0,0,0,1030.5
0.144904376,0.005413229,0,0,0,0,0,1031
1.10191767,0.811435416,0,0,0,0,0,1031.5
2.204012845,1.32069369,0.438778366,0,0,0,0,1032
2.496880164,1.312976746,0.23763399,0,0,0,0,1032.5
1.894097037,0.796383199,0,0.025947621,0,0,0,1033
0.532651045,0.03223357,0,0.453937715,0,0,0,1033.5
1.094318836,0.817102037,0,0.54338346,0,0,0,1034
2.573271254,1.644905792,0.985780704,0.101961366,0,0,0,1034.5
3.204715053,1.947370233,1.406864127,0,0.038029278,0,0,1035
2.861448754,1.632067094,0.951357891,0,0,0,0,1035.5
1.735767884,1.0246426,0,0,0,0,0,1036
0.375925671,0.063337116,0,0,0,0,0,1036.5
0.35652905,0.136767428,0,0,0,0,0,1037
0.841733255,0.818273459,0.155770662,0,0,0,0,1037.5
0.761622164,0.971823365,0.754687857,0,0,0,0,1038
0.482834411,0.844682416,0.48891995,0,0,0,0,1038.5
0.413342621,0.588074645,0,0,0,0,0,1039
0.794218492,0.288443288,0,0,0,0,0,1039.5
1.310295278,0.077775556,0,0,0,0,0,1040
1.54039889,0.073787303,0,0,0,0,0,1040.5
1.067913236,0.629372562,0.29107818,0.501088736,0,0,0,1041
0.543835153,1.242671763,1.165811312,0.268869613,0,0,0,1041.5
2.838264617,1.846458393,1.525976874,0,0,0,0,1042
4.781390685,1.970055791,1.077456202,0,0,0,0,1042.5
5.320784617,1.628439245,0,0,0,0,0,1043
4.097081342,0.750206981,0,0,0,0,0,1043.5
1.122532534,0.007872227,0,0,0,0,0,1044
2.305364239,1.300275209,0.162132749,0,0,0,0,1044.5
4.806649253,1.978330627,1.141795166,0,0.104934224,0,0,1045
5.447653452,1.923362388,0.961429385,0,0.023857202,0.025186476,0,1045.5
3.98241996,1.117504107,0,0,0,0,0,1046
1.112596764,0.046596609,0,0,0,0,0,1046.5
1.722225517,0.79754619,0,0,0,0,0,1047
3.696236692,1.580290552,0.402479523,0,0,0,0,1047.5
4.312434098,1.810563341,1.155617233,0,0,0,0,1048
3.486969458,1.532695452,1.170228315,0,0,0,0,1048.5
2.056353278,0.935350607,0.774964775,0.6402139,0,0,0,1049
0.497060617,0.258378044,0.200427069,0.395916664,0,0,0,1049.5
0.445878324,0.031991378,0,0,0,0,0,1050
0.728313241,0.230738568,0,0,0,0,0,1050.5
0.746075121,0.231499679,0,0,0,0,0,1051
0.291031416,0.091456789,0,0,0,0,0,1051.5
0.050947267,0.015040879,0,0,0,0,0,1052
0.003102446,0,0.066449515,0,0,0,0,1052.5
0.012199457,0.126740052,0.13219955,0,0,0,0,1053
0.007870299,0.24230081,0.126142069,0,0,0,0,1053.5
0.187824246,0.262012811,0.049605273,0,0,0,0,1054
0.592742354,0.316419688,0.011774657,0,0,0,0,1054.5
0.95874802,0.271663923,0.010301338,0,0,0,0,1055
1.116492292,0.244810797,0,0,0,0,0,1055.5
0.942871905,0.208350715,0.045646719,0,0,0,0,1056
0.364911577,0.229910005,0.206480116,0,0,0,0,1056.5
0.104884362,0.151994545,0.305273936,0,0,0,0,1057
0.453490637,0.115366215,0.350027047,0.365741838,0.013829212,0,0,1057.5
0.2560627,0.263984139,0.513188529,0.629764686,0.021228104,0,0,1058
0.184581236,0.368496895,0.49818848,0.128489715,0,0,0,1058.5
0.78653016,0.514567622,0.403124441,0,0,0,0,1059
1.198211961,0.505084003,0.313719719,0,0,0,0,1059.5
1.256895753,0.448445015,0.182647808,0,0,0,0,1060
1.252035523,0.481457702,0.146658087,0,0,0,0,1060.5
1.127175647,0.508606004,0.135624139,0,0,0,0,1061
0.962466468,0.459440113,0.085018767,0,0,0,0,1061.5
0.804160089,0.419080483,0,0,0,0,0,1062
0.383335431,0.228948045,0,0,0,0,0,1062.5
0.065309596,0,0,0,0,0,0,1063
0.880589995,0.201148472,0,0,0,0,0,1063.5
1.750924682,0.649648611,0,0,0,0,0,1064
2.111336504,0.897417161,0.311172401,0,0.069595209,0,0,1064.5
1.708729052,0.825408639,0.320670763,0,0.076628866,0,0,1065
0.642195664,0.404947826,0,0,0,0,0,1065.5
0.599315002,0,0,0,0,0,0,1066
1.649375931,0.492559125,0,0,0,0,0,1066.5
2.307438677,1.000783182,0.147216179,0.407543025,0,0,0,1067
2.147534596,1.218205122,0.799740293,0.172641527,0,0,0,1067.5
1.61943178,1.170968451,1.006859587,0,0,0,0,1068
1.009743873,0.9547972,0.77635069,0,0,0,0,1068.5
0.707794297,0.689993319,0.260084844,0,0,0,0,1069
0.441005928,0.367389243,0,0,0,0,0,1069.5
0.219318889,0.015245139,0,0,0,0,0,1070
0.215704113,0.274480448,0,0,0,0,0,1070.5
1.267642066,0.85323968,0.09112768,0,0,0,0,1071
2.264166271,1.281841005,0.81809427,0,0,0,0,1071.5
3.067211581,1.521559906,1.113782979,0,0,0,0,1072
2.733985618,1.210373698,0.464936594,0,0,0,0,1072.5
1.026152909,0.287139585,0,0,0,0,0,1073
1.5522986,0.729424756,0,0,0,0,0,1073.5
4.691736722,2.001327595,0.669688683,0,0.058656864,0,0,1074
6.523530281,2.887841228,1.972065378,0.393799372,0.014729988,0,0,1074.5
6.355686638,2.848409556,2.079977413,0.731837102,0,0,0,1075
3.709891439,1.888528334,0.894930656,0,0,0,0,1075.5
0.258833734,0.338670373,0,0,0,0,0,1076
3.943017919,0.810547078,0,0,0,0,0,1076.5
5.875903299,1.746676392,0.436349299,0,0,0,0,1077
5.351163085,1.910613715,0.864830981,0,0,0,0,1077.5
2.544440165,1.291706557,0.202149873,0,0,0,0,1078
0.926521781,0.093535875,0,0,0,0,0,1078.5
3.766374301,0.676415186,0,0,0,0,0,1079
4.883257535,1.288685674,0,0,0,0,0,1079.5
4.057794465,1.276323467,0.195584186,0,0,0,0,1080
1.855403954,0.792375517,0,0,0,0,0,1080.5
0.797385952,0.000813508,0,0,0,0,0,1081
2.7381734,0.448319933,0,0,0,0,0,1081.5
3.67339497,0.913547651,0,0,0,0,0,1082
3.022445824,0.947723753,0,0,0,0,0,1082.5
1.306251324,0.428453628,0,0,0,0,0,1083
0.601423879,0,0,0,0,0,0,1083.5
2.471093223,0.740285155,0.141285582,0,0,0,0,1084
3.528989692,1.311476917,0.865907078,0,0,0,0,1084.5
3.609697225,1.531265237,0.949981884,0.406227566,0,0.034786063,0,1085
2.36968549,1.177436441,0.307995515,0.348578007,0,0,0,1085.5
0.673656856,0.544050866,0,0,0.011514174,0,0,1086
1.06359692,0,0,0,0.106706492,0,0,1086.5
2.315607793,0.619961188,0,0,0.051744442,0,0,1087
2.734522561,0.926058134,0.330587159,0,0,0,0,1087.5
2.055365696,0.914373871,0.236071449,0,0,0,0,1088
0.430612489,0.367986495,0,0,0,0,0,1088.5
1.128654625,0,0,0,0,0,0,1089
2.383808864,0.585028214,0,0,0,0,0,1089.5
2.907916254,1.065729988,0.331644815,0.076201902,0,0,0,1090
2.392626804,1.115697924,0.921973116,0.392003221,0,0,0,1090.5
1.173700465,0.846636161,0.864864162,0.193682559,0,0,0,1091
0.369753973,0.277526721,0,0,0,0,0,1091.5
1.424658828,0.040810318,0,0,0,0,0,1092
1.901537545,0.107362559,0,0,0,0,0,1092.5
1.351371636,0.10579404,0,0,0,0,0,1093
0.023383038,0,0,0,0,0,0,1093.5
1.529211486,0.121798659,0,0,0,0,0,1094
2.888230326,0.406701037,0,0,0,0,0,1094.5
2.916829147,0.420889244,0,0,0,0,0,1095
1.715128026,0.087983988,0,0,0,0,0,1095.5
0.522780702,0.026754669,0,0,0,0,0,1096
3.112857894,0.621859111,0,0,0.061805989,0.026604366,0,1096.5
4.280093438,0.816196999,0,0,0.149468041,0.017042478,0,1097
3.455547213,0.455016515,0,0.226879038,0,0,0,1097.5
0.945752145,0.014011996,0,0.747118905,0,0,0,1098
2.253430929,1.112351946,0.558583907,0.112210395,0,0,0,1098.5
5.012588311,1.904247789,1.559055264,0,0,0,0,1099
5.97718398,2.045653261,1.414558352,0,0,0,0,1099.5
5.07654973,1.593825025,0.25967548,0,0,0,0,1100
2.769077582,0.749036416,0,0,0,0,0,1100.5
0.039039221,0,0,0,0,0,0,1101
2.327453211,0.543425324,0,0,0,0,0,1101.5
3.603800569,0.95556224,0.497901943,0.06449738,0,0,0,1102
3.791530718,1.128296626,0.827941132,0,0,0,0,1102.5
2.916613138,0.911902264,0.538912655,0,0,0,0,1103
1.383128598,0.520307561,0,0,0,0,0,1103.5
0.123440642,0.156038922,0,0,0,0,0,1104
1.286717958,0.031388585,0,0,0,0,0,1104.5
2.136805434,0.374924585,0,0,0,0,0,1105
2.674762866,0.854896157,0,0,0,0,0,1105.5
2.795565946,1.202230801,0.748982838,0,0,0,0,1106
2.523106579,1.338681273,1.324851988,0.243105839,0,0,0,1106.5
1.798723323,1.253751255,1.229493205,0.660582167,0,0,0,1107
0.638045835,0.868383786,0.368848087,0.160299894,0,0,0,1107.5
0.640311739,0.188741455,0,0,0,0,0,1108
1.672246509,0.257509741,0,0,0,0,0,1108.5
2.008155329,0.558497959,0,0,0,0,0,1109
1.494924572,0.561810296,0.130471557,0,0,0,0,1109.5
0.356639791,0.313890916,0.123639056,0,0,0,0,1110
0.731979044,0,0,0,0,0,0,1110.5
1.606550357,0.342601479,0,0,0.005873209,0,0,1111
1.819684393,0.503006988,0,0,0.000194112,0,0,1111.5
1.45161988,0.470605651,0,0,0.045222739,0,0,1112
0.798287156,0.406935809,0,0,0,0,0,1112.5
0.157380329,0.207306061,0,0,0,0,0,1113
0.163668429,0.149637582,0,0,0,0,0,1113.5
0.255782203,0.076634597,0.257818977,0,0,0,0,1114
0.273948351,0.057856645,0.475605098,0.168648041,0,0,0,1114.5
0.094009255,0.166311523,0.622210759,0.527244542,0,0,0,1115
0.111998686,0.302302504,0.663858341,0.339386155,0,0,0,1115.5
0.400479974,0.408717241,0.481511132,0,0,0,0,1116
0.719643439,0.508396659,0.25563924,0,0,0,0,1116.5
1.12016219,0.567841954,0.028553426,0,0,0,0,1117
1.422984544,0.552301496,0,0,0,0,0,1117.5
1.526659319,0.479504725,0,0,0,0,0,1118
1.377859256,0.29736265,0,0,0,0,0,1118.5
0.714487211,0.013791163,0,0,0,0,0,1119
0.185154005,0,0,0,0,0,0,1119.5
1.283584793,0.215548124,0,0,0,0,0,1120
2.098315277,0.469074525,0,0,0.157048616,0,0,1120.5
1.934464767,0.326507764,0,0,0,0,0,1121
0.863486374,0.041235925,0,0,0,0,0,1121.5
0.621403736,0.181428314,0.125272788,0,0,0,0,1122
2.225363285,0.727303087,0.56876358,0,0,0,0,1122.5
2.946782569,0.981625732,0.767431941,0.19009939,0,0,0,1123
2.594974569,0.926644634,0.640956312,0.211980463,0,0,0,1123.5
1.302490136,0.59147689,0.192891344,0.258605166,0,0,0,1124
0.188054661,0.138717084,0,0.177783789,0,0,0,1124.5
1.214766061,0.036440644,0,0.045996049,0,0,0,1125
1.246571205,0.098065968,0,0,0,0,0,1125.5
0.493000035,0,0,0,0,0,0,1126
0.663050202,0.163193768,0,0,0,0,0,1126.5
1.713530643,0.398687415,0.147633875,0,0,0,0,1127
1.913039366,0.463795941,0.350457049,0,0,0,0,1127.5
1.136868973,0.267590398,0.228105651,0,0,0,0,1128
0.175638009,0,0,0,0,0,0,1128.5
1.610872939,0.259327034,0,0,0.088507623,0,0,1129
2.241065212,0.445765504,0,0,0.09876797,0,0,1129.5
1.659976933,0.236432368,0,0.078856406,0,0,0,1130
0.010525423,0.118689038,0,0.345674448,0,0,0,1130.5
2.102567152,0.859743904,0.569170169,0.496927905,0,0,0,1131
3.65805593,1.471988627,1.034466009,0.311456981,0,0,0,1131.5
3.811269031,1.583270287,0.961294655,0,0,0,0,1132
2.719363882,1.236383346,0.250198954,0,0,0,0,1132.5
0.744547802,0.482369797,0,0,0,0,0,1133
1.046458337,0.078375391,0,0,0,0,0,1133.5
2.037478187,0.507505533,0,0,0,0,0,1134
1.958474773,0.731735798,0,0,0,0,0,1134.5
0.971346804,0.524542797,0,0,0,0,0,1135
0.34388743,0.029731498,0,0,0,0,0,1135.5
1.374381645,0.210657971,0,0,0,0,0,1136
1.930091788,0.672610602,0,0,0,0,0,1136.5
1.765788685,0.840160707,0.538840692,0,0,0,0,1137
1.107524529,0.818640696,0.701628033,0.063725264,0,0,0,1137.5
0.297257609,0.5719886,0.342597498,0.446238662,0,0,0,1138
0.404570071,0.125439755,0,0.25410041,0,0,0,1138.5
0.88336279,0.102517331,0,0,0,0,0,1139
0.917220292,0.361373591,0,0,0,0,0,1139.5
0.764360781,0.529959334,0.108486272,0,0,0,0,1140
0.292558189,0.395753115,0.262725683,0,0,0.037080889,0,1140.5
0.356322307,0.058859784,0,0,0,0.019585684,0,1141
1.062565211,0.260017024,0,0,0,0,0,1141.5
1.824269046,0.821271281,0,0,0.011657353,0,0,1142
2.424823599,1.300521325,0.675799176,0,0.11215936,0,0,1142.5
2.563558968,1.540107056,1.318480966,0,0.073168846,0,0,1143
2.29332124,1.493776013,1.321360482,0.198410986,0.017319761,0,0,1143.5
1.339917309,0.990874537,0.72388435,0.616179622,0,0,0,1144
0.065069347,0.207874195,0,0.522239879,0,0,0,1144.5
1.538669229,0.462780685,0,0.014460184,0,0,0,1145
2.809652801,1.185404677,0.406118051,0,0,0,0,1145.5
3.046885668,1.27721592,0.754387328,0,0,0,0,1146
1.849418452,0.768015504,0.18833514,0,0,0,0,1146.5
0.29399351,0,0,0,0,0,0,1147
3.256099615,1.302655601,0,0,0,0,0,1147.5
5.586617923,2.323466186,1.125691312,0,0,0,0,1148
6.26726804,2.705154164,1.876348379,0.190396926,0,0,0,1148.5
4.848966857,2.103920036,1.393313111,0.211059599,0,0,0,1149
1.518058714,0.832299846,0,0,0.036659308,0.077992931,0,1149.5
2.333889731,0.49750091,0,0,0.032910971,0.08284404,0,1150
5.438346673,1.861307445,0.429067761,0,0.060732944,0,0,1150.5
6.515158208,2.557514008,1.532904945,0,0.050419147,0,0,1151
5.432888261,2.389102186,1.51312112,0,0.020267443,0,0,1151.5
2.461969733,1.376700523,0.418889381,0,0.023544993,0,0,1152
1.112798615,0.046869626,0,0,0.00618151,0,0,1152.5
4.307045551,1.37305845,0,0,0.027634703,0,0,1153
6.401589886,2.564300053,1.318905339,0,0.029080462,0,0,1153.5
6.866309285,3.138700928,2.274307876,0.339628744,0,0,0,1154
5.859864363,3.125221538,2.535332224,0.866606081,0,0,0,1154.5
3.025163686,1.974005011,1.084105946,0.266109096,0,0,0,1155
0.081249248,0.669265053,0,0,0,0,0,1155.5
3.054203074,0.610047529,0,0,0,0,0,1156
5.329656719,1.748569702,0.463259507,0,0,0,0,1156.5
5.904528529,2.408266194,1.439434697,0,0,0,0,1157
4.706292165,2.073336869,1.349739725,0,0,0,0,1157.5
1.696811286,1.06295062,0,0,0,0,0,1158
1.779266262,0.273333713,0,0,0,0,0,1158.5
5.03237393,1.436758184,0,0,0,0,0,1159
6.719507979,2.336173074,0.775579235,0,0,0,0,1159.5
6.220936076,2.525159433,1.599193558,0,0,0,0,1160
3.715161302,1.72567631,1.43929912,0,0,0,0,1160.5
0.237276864,0.560334517,0.518993468,0.348693109,0,0,0,1161
2.557951803,0.237980439,0,0.431897259,0,0,0,1161.5
4.124673348,0.723849326,0,0.289130572,0,0,0,1162
3.628599903,0.779859079,0,0,0,0,0,1162.5
1.738195169,0.183065365,0,0,0,0,0,1163
0.596519219,0.092014765,0,0,0,0,0,1163.5
2.842546846,0.687377141,0.11133678,0,0,0,0,1164
4.007422719,1.103453011,0.397682372,0,0,0,0,1164.5
3.719890935,1.061477056,0.39325524,0,0,0,0,1165
2.498751546,0.622439677,0.104937041,0,0,0,0,1165.5
0.730590895,0.07624224,0,0,0,0,0,1166
0.687601662,0.02832112,0,0.071793774,0.039902091,0,0,1166.5
2.181933216,0.374609499,0,0.239526295,0.065603495,0.020306664,0,1167
2.880124893,0.599220006,0,0.293154616,0.02586281,0.019501833,0,1167.5
2.61732114,0.540902801,0,0.183225947,0,0,0,1168
1.370989097,0.185739522,0,0.048035441,0,0,0,1168.5
0.254356983,0.276547254,0.373763314,0.009050401,0,0,0,1169
2.450396667,1.215508236,0.996982081,0.01113285,0,0,0,1169.5
4.278283257,1.826415549,1.315446829,0.206747148,0,0,0,1170
5.256618174,2.173798354,1.364575827,0.302123708,0,0,0,1170.5
4.917072318,1.934324734,0.153736973,0.352874592,0.01107145,0,0,1171
3.102544973,1.157127321,0,0.054648872,0.051739767,0,0,1171.5
0.484833401,0,0,0,0.05057847,0,0,1172
2.070888509,0.600000806,0,0,0,0,0,1172.5
4.363723623,1.58202818,0.171928122,0,0,0,0,1173
4.633070145,1.718683619,0.780976424,0,0,0,0,1173.5
4.122758939,1.496729779,0.230009134,0,0,0,0,1174
2.214500912,0.822661986,0,0,0,0,0,1174.5
0.748545407,0.113829968,0,0,0,0,0,1175
3.122773515,1.270663359,0,0,0,0.117687076,0,1175.5
4.737604814,2.15725104,0.480282781,0,0.063308912,0.177040685,0,1176
5.012885838,2.350937393,1.639975067,0.44966876,0.388047515,0.160137222,0.064953849,1176.5
4.041890341,2.186185346,1.789832819,0.707421314,0.186404663,0.085532378,0.027102149,1177
2.323878734,1.365715804,1.086143362,0.627357582,0.054136282,0,0,1177.5
0.492334758,0.537351403,0,0,0,0,0,1178
0.355734337,0,0,0,0,0,0,1178.5
0.688013334,0,0,0,0,0,0,1179
0.716557306,0.192773229,0,0,0,0,0,1179.5
0.797586549,0.390149613,0,0,0,0,0,1180
0.729260476,0.326118359,0,0,0,0,0,1180.5
1.218484948,0.305147296,0,0,0,0,0,1181
1.012935565,0.262366499,0,0,0,0,0,1181.5
0.350526852,0.001949314,0,0,0,0,0,1182
0.799691666,0.002949595,0,0,0,0,0,1182.5
2.719271963,0.966779082,0.205722737,0,0,0,0,1183
4.078613742,1.73907475,1.414362139,0,0,0.000102463,0.05599586,1183.5
4.457129014,2.077044626,1.491704929,0.54952353,0.135190688,0.094812531,0.044668199,1184
3.326071339,1.807668351,0.550087247,0.931682866,0.269728753,0.121898103,0.015589675,1184.5
1.7454313,1.093795457,0,0.291423029,0.110177674,0.144025155,0.071555166,1185
0.090996774,0,0,0,0,0,0,1185.5
1.375129322,0.253384727,0,0,0,0,0,1186
2.361374684,0.875255122,0,0,0,0,0,1186.5
2.851502728,1.254923712,0,0,0,0,0,1187
2.431857701,0.874543998,0,0,0,0,0,1187.5
1.8524402,0.720795431,0,0,0,0,0,1188
0.355792578,0,0,0,0,0,0,1188.5
1.657106987,0.69070176,0,0,0,0,0,1189
3.825779801,1.800438485,0.051421427,0,0,0,0,1189.5
5.101379604,2.386753693,1.503748147,0,0,0,0,1190
4.823688007,2.291347681,1.689685685,0.383238084,0,0.077079143,0.031884789,1190.5
2.990313263,1.523152257,0.490835495,0.711536886,0.277948336,0.164706285,0.064143991,1191
0.284151517,0.181030965,0,0.180104955,0,0,0.013714819,1191.5
2.045077418,0.554496713,0,0,0,0,0,1192
3.444012638,1.162583264,0.14774734,0,0,0,0,1192.5
3.787851498,1.643575817,0.850981601,0,0,0,0,1193
2.618058541,1.359855511,0.512492032,0,0,0,0,1193.5
0.554994449,0.440659661,0,0,0,0,0,1194
1.315855633,0.145033577,0,0,0,0,0,1194.5
2.876011991,0.980024148,0,0,0,0,0,1195
3.319852701,1.487041434,0.664740054,0,0,0,0,1195.5
2.885173522,1.672790079,1.274913083,0,0,0,0,1196
1.929330083,1.445717435,1.204448333,0,0,0,0,1196.5
1.055577125,1.094531614,0.648806698,0,0,0,0,1197
0.728543466,0.791064311,0,0,0,0.021040931,0,1197.5
0.559666847,0.267221243,0,0.047403032,0,0.145992576,0,1198
0.469317046,0.012205515,0,0.453951489,0.241615834,0,0,1198.5
0.042434689,0.18459575,0,0.52452867,0.025506575,0,0,1199
0.932499288,0.728267808,0,0.287280317,0,0,0,1199.5
1.980940199,1.059851393,0.365001147,0,0,0,0,1200
2.280146282,1.001781296,0.323590086,0,0,0,0,1200.5
1.970871408,0.622257952,0,0,0,0,0,1201
0.778888922,0.044767927,0,0,0,0,0,1201.5
0.980506474,0.766375269,0,0.051540791,0,0,0,1202
2.859832362,1.723359933,0.475640155,0.273549424,0,0,0,1202.5
4.251956933,2.30617933,1.535184332,0.124510618,0,0,0,1203
4.928097927,2.447215055,1.901321337,0,0,0,0,1203.5
4.234117448,1.951640564,1.306627018,0,0,0,0,1204
2.518323792,0.926160636,0,0,0,0,0,1204.5
0.110145778,0.106235233,0,0,0,0,0,1205
2.122263477,1.222577628,0.082048175,0,0,0,0,1205.5
3.88900034,2.040783357,1.328440764,0,0,0,0,1206
4.557596784,2.241658702,1.738141516,0,0.00334968,0,0,1206.5
4.058470237,1.81547651,1.01954227,0,0,0,0,1207
2.266737313,0.741085104,0,0,0,0,0,1207.5
0.214342385,0.455367423,0,0,0,0,0,1208
2.793289014,1.698890882,0.585829418,0,0,0,0,1208.5
5.023940614,2.503507449,1.850527745,0,0,0,0,1209
5.76954917,2.727521214,2.080578504,0.470652419,0,0,0,1209.5
4.941252216,2.143988434,1.291505768,0.450469926,0,0,0,1210
2.552396173,0.952398022,0,0,0,0,0,1210.5
0.338915634,0.129739845,0,0,0,0,0,1211
3.127164381,1.40782812,0.298543343,0,0,0,0,1211.5
4.596487117,1.995883146,1.300542126,0,0,0,0,1212
4.383311241,1.944598755,1.121714754,0,0,0,0,1212.5
2.62134714,1.101928652,0.180708522,0,0,0,0,1213
0.115021011,0.026997434,0,0,0.021714378,0,0,1213.5
2.69083308,1.283776835,0,0.290156188,0.037163708,0,0,1214
4.795150943,2.464197398,1.372739759,0.351094722,0.048188856,0,0,1214.5
5.815281674,3.144543096,2.309240464,0,0.02020711,0,0,1215
5.403587238,2.709649164,2.044738641,0,0,0,0,1215.5
3.356934299,1.760849825,0.770795495,0,0,0,0,1216
0.253300701,0.085201524,0,0,0,0,0,1216.5
3.088359064,1.464866963,0.071597593,0,0,0,0,1217
5.294332048,2.5785828,1.694128763,0,0,0,0,1217.5
5.770859657,3.0135901,2.440699484,0.10473641,0,0,0,1218
4.877345374,2.678777388,2.041387603,0,0,0,0,1218.5
2.429668286,1.488450592,0.450175845,0,0,0,0,1219
0.630326452,0,0,0,0,0,0,1219.5
3.768762945,1.783636497,0.12956871,0,0,0,0,1220
5.967975075,3.197336817,2.227770952,0,0,0,0,1220.5
6.637592253,3.89592984,3.233498967,0.47542824,0,0,0,1221
5.86271791,3.666076591,3.005465257,0.831947971,0,0,0,1221.5
3.621529006,2.44234007,1.470959403,0,0.073946277,0,0,1222
0.473934909,0.632384091,0,0,0,0,0,1222.5
2.595920676,0.911620449,0,0,0,0,0,1223
5.092593779,2.455152332,1.54160883,0,0,0,0,1223.5
5.784838626,3.240750401,2.663452011,0,0,0,0,1224
4.676607455,2.851381934,2.189269637,0,0,0,0,1224.5
1.698577757,1.584131503,0.331495642,0,0,0,0,1225
2.027016773,0.152578725,0,0,0,0,0,1225.5
5.096181715,1.812775792,0.23231297,0,0,0,0,1226
6.771968622,3.063941448,2.323081056,0,0.056683707,0.005975154,0,1226.5
6.01479339,3.270435764,2.804861819,0.029665588,0.104287398,0.012822543,0,1227
3.444398678,2.693239632,2.130350449,0.721063017,0.062607166,0,0,1227.5
0.054875302,1.500826313,0.321358143,0.486417838,0,0,0,1228
2.887706346,0.035477763,0,0,0,0,0,1228.5
4.075177193,0.768432011,0,0,0,0,0,1229
3.086933487,1.255920841,0.607423228,0,0,0,0,1229.5
0.882558925,1.137579052,0.976273919,0,0,0,0,1230
1.577591477,0.713172194,0.689817674,0,0,0,0,1230.5
2.809272438,0.246944215,0.019904897,0,0.01786278,0,0,1231
2.37442551,0.01654074,0,0,0,0,0,1231.5
0.734493248,0.025767106,0,0,0,0,0,1232
0.822114023,0.044608196,0,0,0,0,0,1232.5
1.120897562,0.793351496,0,0.1659244,0,0,0,1233
0.390921651,1.249717027,0.903543564,0.631098378,0,0,0,1233.5
1.733504992,1.895613355,1.910029341,0.701913308,0,0,0,1234
3.943009844,2.463256357,2.331292246,0,0,0,0,1234.5
4.940532116,2.438473348,1.74679165,0,0,0,0,1235
4.100786424,1.544060907,0.164396079,0,0,0,0,1235.5
1.661598552,0.220103443,0,0,0,0,0,1236
1.44578137,0.867554301,0.048498932,0,0,0,0,1236.5
4.073550383,2.056084617,1.578239591,0,0,0,0,1237
4.998342461,2.184744059,1.803378579,0,0,0,0,1237.5
3.660251866,1.624112338,0.695060695,0,0,0,0,1238
0.403274858,0.167559709,0,0,0,0,0,1238.5
3.127945745,1.136645103,0,0,0,0,0,1239
5.647810248,2.285203982,1.477299726,0,0,0,0,1239.5
5.844553115,2.682716639,2.391092539,0,0,0,0,1240
4.224598478,2.419393351,2.110258982,0.548622496,0,0,0,1240.5
1.448598343,1.477744,0.846579515,1.028135946,0.114596596,0,0,1241
0.843417069,0.536822448,0,0.506409792,0,0,0,1241.5
1.980560857,0.08910385,0,0,0,0,0,1242
1.648420842,0.307236813,0,0,0,0,0,1242.5
0.429197811,0.262082624,0,0,0,0,0,1243
0.571602823,0.081320086,0,0,0,0,0,1243.5
1.249702547,0,0,0,0,0,0,1244
1.092341632,0,0,0,0,0,0,1244.5
0.493188354,0,0,0,0,0,0,1245
0.143726198,0.260570368,0,0,0,0,0,1245.5
0.281554228,0.538336655,0.238674464,0,0,0,0,1246
1.252750604,1.20635142,1.064441468,0,0,0,0,1246.5
2.499873576,1.622878867,1.379782364,0.311402392,0,0,0,1247
3.341952722,1.778033515,1.192001658,0.761834353,0,0,0,1247.5
3.259399361,1.454988249,0.29266581,0.286610003,0,0,0,1248
1.900845447,0.598463263,0,0,0,0,0,1248.5
0.030226681,0,0,0,0,0,0,1249
2.391161068,0.858498883,0,0,0,0,0,1249.5
3.830007188,1.471756205,0.419201632,0,0,0,0,1250
3.713488493,1.351569912,0.183133869,0,0,0,0,1250.5
1.679947265,0.450011884,0,0,0,0,0,1251
1.352425839,0.349905362,0,0,0,0,0,1251.5
4.621646707,1.775313295,0.03918215,0,0,0,0,1252
6.697266789,2.763317678,1.696678857,0,0,0,0,1252.5
6.382427789,2.916845983,2.088149995,0.765396331,0,0,0,1253
4.042321107,2.210115206,1.164074152,0.740347547,0,0,0,1253.5
0.592710234,0.926984868,0,0,0,0,0,1254
2.49424544,0.212734917,0,0,0,0,0,1254.5
4.234473992,1.047137266,0,0,0,0,0,1255
4.022843973,1.333492742,0.189644681,0,0,0,0,1255.5
2.036867655,1.153668576,0.040347827,0,0.043394821,0,0,1256
0.386552797,0.213173246,0,0,0,0,0,1256.5
2.38838209,0.149207949,0,0,0,0,0,1257
3.39960632,0.802859715,0,0,0,0,0,1257.5
3.184653774,1.097490876,0,0,0,0,0,1258
2.262556571,1.236893936,0.10886699,0,0,0,0,1258.5
1.172858495,0.983871505,0.633313214,0,0,0,0,1259
0.325397362,0.786279659,0.888113347,0.506179069,0,0,0,1259.5
0.016539754,0.609356205,0.902298872,0.550919577,0,0,0,1260
0.004416699,0.352971066,0.804271709,0.336879679,0,0,0,1260.5
0.11241478,0.224603628,0.513268581,0,0,0,0,1261
0.225831334,0.163741809,0.147006458,0,0,0,0,1261.5
0.367534806,0.0369992,0,0,0,0,0,1262
0.116801522,0.178525678,0,0,0,0,0,1262.5
0.680137235,0.473956123,0.008934869,0,0,0,0,1263
1.991875462,0.814474927,0.32668526,0,0,0,0,1263.5
2.831165878,0.938100257,0.57076335,0.343963321,0.070063507,0,0,1264
2.881551634,0.897633335,0.518777087,0.413463801,0.03439758,0,0,1264.5
1.685320248,0.473495119,0.088410924,0.197889304,0,0,0,1265
0.001637477,0,0,0,0,0,0,1265.5
1.799675141,0.365763807,0,0,0,0,0,1266
2.47968973,0.258411295,0,0,0,0,0,1266.5
1.709133634,0.338494068,0,0,0,0,0,1267
0.092491251,0.084870531,0.416348889,0,0,0,0,1267.5
2.558431125,1.177094434,1.300638928,0.042097761,0,0,0,1268
4.262370823,1.975279092,1.655092654,0.374451925,0,0,0,1268.5
4.325412624,2.083731114,0.924370234,0.50690186,0,0,0,1269
3.17708055,1.438432477,0,0.32204895,0,0,0,1269.5
1.118028306,0.612959617,0,0,0,0,0,1270
0.602700235,0,0,0,0,0,0,1270.5
1.665893984,0.484879115,0,0,0,0,0,1271
1.899122583,0.766258433,0.231480022,0,0,0,0,1271.5
1.204462234,0.54546722,0,0,0,0,0,1272
0.398335756,0.195142069,0,0,0,0,0,1272.5
0.120156553,0,0,0.007206804,0,0,0,1273
0.36604949,0.166175658,0,0.214372396,0,0,0,1273.5
0.701559926,0.632945791,0.073506283,0.390397882,0,0,0,1274
1.158967664,0.971252938,1.038496663,0.361391523,0,0,0,1274.5
1.877779307,1.373980053,1.527162072,0.222462557,0,0,0,1275
2.825338814,1.537533906,1.385604692,0.163718998,0,0,0,1275.5
3.571157167,1.574405393,0.639908864,0.00186306,0,0,0,1276
3.550395812,1.423950242,0,0,0,0,0,1276.5
2.591392767,0.752484047,0,0,0,0,0,1277
0.800355955,0.056567433,0,0,0,0,0,1277.5
1.351608322,0.407915082,0,0,0,0,0,1278
2.941515536,0.969047714,0.467558947,0,0,0,0,1278.5
3.535662342,1.346483392,0.710966828,0,0,0,0,1279
3.236338674,1.274478476,0.087565582,0,0.154946152,0,0,1279.5
2.050440055,0.80750686,0,0,0.128146046,0,0,1280
0.426412359,0.16782665,0,0,0,0.080976427,0,1280.5
1.206753256,0.474011999,0,0,0,0.059584659,0,1281
3.120144695,1.518371463,0.425001578,0.057673854,0,0,0,1281.5
4.579338711,2.190537237,1.499986097,0.482016776,0,0,0,1282
5.646133623,2.651329817,1.900214892,0.505404388,0,0,0,1282.5
5.026830126,2.416957814,1.063241758,0.110610786,0,0,0,1283
2.91547934,1.192443085,0,0,0,0,0,1283.5
0.362986982,0,0,0,0,0,0,1284
3.70895248,1.456776267,0,0,0,0,0,1284.5
5.821535971,2.355394483,1.181955624,0,0,0,0,1285
5.754460479,2.232980852,1.004684181,0,0,0,0,1285.5
3.294987122,1.202607828,0,0,0,0,0,1286
0.415758565,0.036130581,0,0,0,0,0,1286.5
4.254554799,1.845990415,0.027476244,0,0,0,0,1287
6.599598959,3.052850697,1.842648243,0.380145519,0,0,0,1287.5
6.857805028,3.210344239,2.257041734,0.597156098,0,0,0,1288
4.978767359,2.541571191,1.315485471,0.34353121,0,0,0,1288.5
2.37783899,1.26924365,0,0,0,0,0,1289
0.170384849,0,0,0,0.191706809,0.080559632,0,1289.5
1.544609393,0.496225776,0,0,0,0.067841073,0,1290
2.324675637,1.037784944,0,0,0,0,0,1290.5
2.238986126,1.003599117,0.24858412,0,0,0,0,1291
1.877168583,0.844419179,0.028983924,0,0,0,0,1291.5
1.43618561,0.416535791,0,0,0,0,0,1292
0.858701574,0,0,0,0,0,0,1292.5
0.124073776,0.159063744,0,0.094196084,0,0,0,1293
1.243398109,0.714239016,0,0.123555297,0,0,0,1293.5
2.640945724,1.205628247,0,0.102788604,0,0,0,1294
3.593809696,1.422542157,0.645294904,0.103343798,0,0,0,1294.5
3.558267615,1.223252638,0.966368069,0.077648771,0,0,0,1295
2.420308544,0.776424766,0.833969908,0.203516068,0,0,0,1295.5
0.558340851,0.103733022,0.315627412,0.221923632,0,0,0,1296
1.04222386,0.226437284,0,0.264806334,0,0,0,1296.5
2.288006795,0.442681409,0,0.131926308,0,0,0,1297
2.596601687,0.505853375,0,0,0,0,0,1297.5
1.873956736,0.18183896,0,0,0,0,0,1298
0.515089334,0,0,0,0,0,0,1298.5
0.973900147,0.428894728,0,0,0,0,0,1299
2.463852157,0.866087406,0.230352968,0,0,0,0,1299.5
3.029488054,1.081670261,0.478925217,0,0,0,0,1300
2.906630262,1.046231714,0.536146761,0,0.018636915,0.05715466,0,1300.5
1.861405995,0.656208286,0.361624696,0,0.133340666,0.044277807,0,1301
0.646655191,0.185528394,0.159130929,0,0.096951922,0.000923415,0,1301.5
0.65218034,0.078531162,0,0.163746156,0.025131056,0,0,1302
1.655936704,0.292431479,0,0.266979791,0,0,0,1302.5
1.809902657,0.395479147,0,0.190823585,0,0,0,1303
1.652444617,0.452390391,0,0,0.031541969,0.170536087,0,1303.5
0.257559607,0.048624924,0,0,0,0,0,1304
0.681359456,0,0,0,0,0,0,1304.5
1.548358329,0.19748,0.169394454,0,0.018576733,0,0,1305
1.482644031,0.361157196,0.24329962,0,0.096492486,0,0,1305.5
0.840990197,0.465942377,0.27263719,0,0.082761062,0.041773047,0,1306
0.144342637,0.527570939,0.246910048,0,0,0.010679741,0,1306.5
0.033778189,0.605775234,0.277123435,0,0,0,0,1307
0.363064555,0.818727631,0.415486761,0,0,0,0,1307.5
1.350061332,0.910967452,0.428228141,0,0,0,0,1308
2.334743675,0.896843605,0.335991291,0,0,0,0,1308.5
2.55155643,0.515395027,0,0,0,0,0,1309
1.838144,0.039843325,0,0.072536774,0,0,0,1309.5
0.288514632,0.211796731,0,0.403850199,0,0,0,1310
1.79371511,0.84556037,0,0.282163015,0,0,0,1310.5
3.314747492,0.948776208,0,0,0,0,0,1311
3.607884378,0.767211098,0,0,0,0,0,1311.5
2.437769385,0.214768423,0,0,0,0,0,1312
0.230157404,0.456142942,0.114947482,0,0,0,0,1312.5
2.324211156,1.22906598,0.719208159,0,0,0,0,1313
4.139738289,1.593021753,0.653143135,0,0,0,0,1313.5
4.696625679,1.413895045,0,0,0,0,0,1314
3.637669018,0.703744197,0,0,0,0,0,1314.5
1.266094842,0.025565374,0,0.16990003,0.114489903,0,0,1315
1.149054383,0.867055753,0.302812046,0,0,0,0,1315.5
3.130342923,1.453025965,0.795296795,0,0,0,0,1316
3.932979238,1.401612135,0.488921828,0,0,0,0,1316.5
3.204711272,0.746963666,0,0,0,0,0,1317
1.598572239,0.066328569,0,0,0,0,0,1317.5
0.559840824,0.890842924,0.40042751,0,0,0,0,1318
2.528277807,1.654607545,1.362037234,0.614066664,0,0,0,1318.5
3.789070811,1.814877715,1.463894421,0.036208153,0,0,0,1319
4.02872018,1.583756197,0.784412149,0,0,0,0,1319.5
2.964074304,0.766231983,0,0,0,0,0,1320
0.91388134,0.039873125,0,0,0,0,0,1320.5
1.505702861,0.916133636,0.432232874,0,0,0,0,1321
3.677982249,1.881410536,1.414036707,0,0,0,0,1321.5
4.610544575,2.0185449,1.539370914,0.036965702,0,0,0,1322
3.762615534,1.407306709,0.500767394,0,0,0,0,1322.5
1.379484196,0.292206288,0,0,0,0,0,1323
1.702390973,0.71317447,0,0,0,0,0,1323.5
4.247868542,1.854348966,1.073202509,0,0,0,0,1324
5.072860462,2.308090272,1.929245863,0,0.015496687,0,0,1324.5
4.073813055,2.067557748,1.701351698,0,0.137703941,0,0,1325
1.689026608,1.231363333,0.351520289,0.398935503,0.026218471,0,0,1325.5
0.616862258,0.132475106,0,0.290624977,0,0,0,1326
1.908556048,0.357550543,0,0,0,0,0,1326.5
1.864586552,0.664035537,0,0,0,0,0,1327
0.970954516,0.767644779,0.382109403,0,0,0,0,1327.5
0.06084714,0.564826806,0.705752707,0,0,0,0,1328
0.648639995,0.472959893,0.819843206,0,0,0,0,1328.5
0.656083936,0.199264756,0.131371734,0,0,0,0,1329
0.194905157,0.110528771,0,0,0,0,0,1329.5
0.21213412,0.017845373,0,0,0,0,0,1330
0.672885313,0.06795165,0,0,0,0,0,1330.5
0.895529357,0.276489255,0,0,0,0,0,1331
0.740838484,0.56864296,0.651134628,0,0,0,0,1331.5
0.299732377,0.762282391,1.182295494,0.425046836,0,0,0,1332
0.614892664,0.956120085,1.160483268,0.467441552,0,0,0,1332.5
1.824432401,0.986579645,0.75776419,0,0,0,0,1333
3.155756416,1.148148776,0.229073048,0,0,0,0,1333.5
3.829601983,0.983607961,0,0,0,0,0,1334
3.50434577,0.635090774,0,0,0,0,0,1334.5
2.015687191,0.105140301,0,0,0,0,0,1335
0.028770814,0.268619743,0,0,0,0,0,1335.5
2.434697082,1.019987158,0.533882641,0,0,0,0,1336
4.039031567,1.170096265,0.500096241,0,0.021602569,0,0,1336.5
4.202065343,1.004201898,0,0,0,0,0,1337
2.990334305,0.425141713,0,0,0,0,0,1337.5
0.831993393,0,0,0,0,0,0,1338
1.504214129,0.632659052,0,0,0,0,0,1338.5
3.152243644,1.064759287,0,0,0,0,0,1339
3.638449214,1.09418403,0.401908995,0,0,0,0,1339.5
2.97290209,0.885254692,0.586150186,0,0,0,0,1340
1.484070655,0.423539384,0.386783092,0,0,0,0,1340.5
0.001839662,0.051703637,0.260990312,0.355941485,0,0,0,1341
0.773864608,0,0.210163293,0.62040472,0,0,0,1341.5
0.905196496,0.018641022,0.39203076,0.001583762,0,0,0,1342
0.235676963,0.458718584,0.6684984,0,0,0,0,1342.5
0.2956892,0.419687587,0.529554184,0,0,0,0,1343
1.807517035,1.084190465,0.504461129,0,0,0,0,1343.5
2.153467445,1.100432976,0,0,0,0,0,1344
1.998616201,0.753722864,0,0,0,0,0,1344.5
0.845485991,0.08137871,0,0,0.040658557,0,0,1345
0.581039895,0.206757666,0,0,0.106127992,0,0,1345.5
2.233652466,1.061029988,0.168986931,0.152961073,0,0,0,1346
3.372152751,1.530769975,0.960730993,0.023167953,0,0.024354633,0,1346.5
3.567843758,1.663014106,1.016022585,0,0,0.056822076,0,1347
2.820511591,1.331019749,0.178294454,0,0,0,0,1347.5
1.145386886,0.503291328,0,0,0,0,0,1348
0.919740472,0.008888098,0,0,0,0,0,1348.5
2.906798432,1.024392766,0,0,0,0,0,1349
4.343499093,1.944812906,0.518910313,0,0,0,0,1349.5
4.919497258,2.434107704,1.552140149,0,0,0,0,1350
4.212770517,2.328371205,1.535488362,0,0,0,0,1350.5
2.666179964,1.697162864,0.484607026,0.555687219,0,0,0,1351
0.869174711,0.794650303,0,0.381646468,0,0,0,1351.5
0.743364405,0.071518801,0,0,0,0,0,1352
2.260927255,0.961318184,0,0,0,0,0,1352.5
3.330118499,1.631418917,0.177562398,0,0,0,0,1353
3.805290035,1.948317968,0.7245705,0,0,0,0,1353.5
3.643454705,1.66767151,0.124219431,0,0,0,0,1354
2.749132434,0.947112504,0,0,0,0,0,1354.5
0.983481883,0,0,0,0,0,0,1355
1.218937304,0.703999976,0,0,0,0,0,1355.5
4.290338928,1.925994915,0.033370998,0,0,0,0,1356
6.91632628,2.819949926,1.091175718,0,0,0.035445347,0,1356.5
7.93660523,2.940198003,0.803389364,0,0,0.08252157,0,1357
6.677785218,2.10227518,0,0,0.089266944,0.009055008,0,1357.5
2.693324415,0.370164662,0,0,0.235956658,0,0,1358
2.036148326,0.458565587,0,0,0,0,0,1358.5
7.188848571,2.436994782,0,0,0,0,0,1359
10.15564906,3.398296983,0.542975969,0,0,0,0,1359.5
9.701127448,3.129997301,0.338582458,0,0,0,0,1360
5.638530097,1.621503484,0,0,0,0,0,1360.5
0.108141982,0,0,0,0,0,0,1361
5.981815354,1.524585799,0,0,0,0,0,1361.5
9.639851681,2.918807045,0,0,0,0,0,1362
9.168931077,2.85457613,0,0,0,0,0,1362.5
5.090299945,1.374358206,0,0.079526461,0,0,0,1363
0.23834098,0,0,0,0,0.009763897,0,1363.5
5.522564419,1.38126944,0,0,0,0.169414051,0,1364
8.321753158,2.414894546,0.719236176,0,0.034057841,0.093285084,0.018505914,1364.5
7.51710495,2.450969458,0,0,0.212622122,0,0,1365
3.950649152,1.219041628,0,0,0.027355428,0,0,1365.5
0.687934093,0,0,0,0,0,0,1366
4.622907296,0.951988268,0,0,0,0,0,1366.5
6.53997048,1.857964679,0,0,0,0,0,1367
5.628409065,2.041525055,1.148039701,0,0,0,0,1367.5
2.889386994,1.335745156,0.919826292,0.102862129,0,0,0,1368
0.441704218,0.355216889,0,0,0,0,0,1368.5
2.3930043,0,0,0,0,0,0,1369
3.011020061,0,0,0,0,0,0,1369.5
1.893478414,0,0,0,0,0,0,1370
0.250990321,0,0,0,0,0,0,1370.5
0.933728834,0.170896179,0,0,0,0,0,1371
1.583937659,0.56888575,0.423259862,0,0,0,0,1371.5
1.037119889,1.067696297,0.956171159,0,0,0,0,1372
0.320772416,1.323798671,0.325234439,0,0.225971527,0,0,1372.5
1.800346971,1.184052656,0,0.046243323,0.25532641,0.090876774,0,1373
2.718862338,0.547961681,0,0.2420701,0.110946325,0.173242685,0,1373.5
2.740768441,0.246791977,0,0,0,0.081372193,0,1374
1.86353674,0.253070867,0,0,0,0,0,1374.5
0.14535336,1.183901705,0.281615927,0,0,0,0,1375
2.41036278,1.706275744,0.998478195,0,0,0,0,1375.5
4.113972872,1.842026951,0.638581061,0,0,0,0,1376
4.72273752,1.408572789,0,0,0,0,0,1376.5
3.753557286,0.582500603,0,0,0,0,0,1377
1.138417287,0.253868034,0,0,0,0,0,1377.5
1.587923589,1.238846663,0,0,0,0,0,1378
4.433048253,2.075145784,0.881706149,0,0,0,0,1378.5
5.605333676,2.205485537,1.240625048,0,0,0,0,1379
5.11900796,1.654663382,0.508872089,0,0,0,0,1379.5
2.807353279,0.496292749,0,0,0,0,0,1380
0.55055968,0.421485587,0,0,0,0,0,1380.5
3.871134632,1.806554413,0.264139787,0,0,0,0,1381
5.861092391,2.536706031,1.461979322,0.296836425,0,0,0,1381.5
5.880167925,2.31863308,1.487158424,0.037606974,0,0,0,1382
3.794140751,1.461481058,0.361392883,0,0,0,0,1382.5
0.649040323,0.167083534,0,0,0,0,0,1383
2.487467688,0.808528851,0,0,0,0,0,1383.5
4.3599451,1.701074147,0.679170881,0,0,0,0,1384
4.549427109,1.913505951,1.086457297,0,0,0,0,1384.5
3.115194112,1.405068309,0.406445768,0,0,0,0,1385
0.588399574,0.456542759,0,0,0,0,0,1385.5
1.598967919,0.156258259,0,0,0,0,0,1386
2.964579825,0.894965221,0,0,0.015041379,0,0,1386.5
2.927909616,1.252460439,0.635967333,0.121407404,0,0,0,1387
1.699267082,1.210693916,0.440497742,0.072482492,0,0,0,1387.5
0.408611344,0.784742581,0,0,0,0,0,1388
0.812044212,0.30009478,0,0,0,0,0,1388.5
1.024619498,0.015999631,0,0,0,0,0,1389
0.758536864,0.248518685,0,0,0,0,0,1389.5
0.128812145,0.372839603,0,0,0,0,0,1390
0.054497707,0.830156642,0,0,0,0,0,1390.5
0.088491172,0.85464967,0,0,0,0,0,1391
0.722678845,0.875447093,0,0,0,0,0,1391.5
1.052071406,0.56925057,0,0,0,0,0,1392
0.729281994,0.047795559,0,0.929455855,0,0,0,1392.5
0.303220486,1.192386298,0.032244832,1.246739755,0,0,0,1393
2.526798088,2.460509895,1.788686935,0.208104409,0.128954308,0,0,1393.5
5.303569926,3.808511072,2.957726468,0,0.565589551,0,0,1394
7.290320824,4.152615351,2.57871902,0,0.396396299,0.064161657,0,1394.5
7.506821033,3.304601977,0.268317915,0,0,0.38845761,0,1395
5.697217949,1.435886406,0,0,0,0.14111284,0,1395.5
0.957789586,0.294604258,0,0,0,0.046213155,0,1396
4.856984249,3.026708009,0.709619938,0,0,0,0,1396.5
9.396082633,4.816880365,2.958397531,0,0,0,0.183363005,1397
10.64572843,4.718927714,2.64726564,0,0,0,0,1397.5
7.741131868,2.830159472,0.034036504,0,0,0,0,1398
2.010165645,0.084845823,0,0,0,0,0,1398.5
4.323038042,2.692265443,0,0,0.170901427,0,0,1399
9.213344141,5.123240102,3.481727433,1.289363811,0,0,0,1399.5
11.19637864,5.678733973,4.189442107,0.042571941,0,0,0,1400
9.793600495,4.442021517,2.628056786,0,0,0,0,1400.5
5.207226283,1.936869189,0,0,0,0,0,1401
0.001334973,0.434747615,0,0,0,0,0,1401.5
5.33742847,3.233733905,1.638198257,0,0,0,0,1402
8.916457448,4.943094273,3.604213654,0,0,0,0,1402.5
9.873052234,4.855251607,3.223227842,0.721387919,0,0,0,1403
7.621875361,3.275892953,0.703416913,0,0,0,0,1403.5
2.739071352,0.504137373,0,0,0,0,0,1404
2.70744098,1.975608855,0,0,0.107812729,0,0,1404.5
7.974670768,4.467376271,2.92815918,0,0.652243181,0,0,1405
10.56797332,5.37154669,4.037236784,0,0.46891429,0,0,1405.5
9.300235129,4.060524361,2.30050734,0,0,0,0,1406
4.384870095,1.455869678,0,0,0,0,0,1406.5
2.103411928,1.289656488,0,0,0,0,0,1407
7.608859391,3.818380947,2.245958667,0.28289707,0,0,0,1407.5
9.981090189,4.656087828,3.659812363,0.243613914,0,0,0,1408
8.195238341,3.731378444,2.660209255,0,0,0,0,1408.5
3.236303625,1.543896365,0,0,0,0,0,1409
2.191355992,0.787535082,0,0,0,0,0,1409.5
6.634836354,3.009039718,1.704525654,0,0,0,0,1410
8.724513971,4.309177562,3.415347631,0.412925914,0.754126623,0,0,1410.5
7.795537413,4.14216989,3.200612442,1.644694023,0.971309473,0,0,1411
5.095745977,2.989516197,1.814826117,0.86173548,0,0.337612095,0,1411.5
1.632325688,1.409663769,0,0,0,0.216529436,0,1412
1.276713116,0,0,0,0,0,0,1412.5
2.993391903,1.158147879,0.315100761,0,0,0,0,1413
3.679270715,1.779442562,0.999990137,0,0,0,0,1413.5
3.227205275,1.731197993,0.915810839,0,0,0,0,1414
1.806984079,1.246932895,0,0.128004841,0,0,0,1414.5
0.223885756,0.060658146,0,0,0,0,0,1415
2.218495787,0.788352132,0,0,0.149893203,0,0,1415.5
3.786012192,1.73011666,0.590696526,0,0.274676529,0,0,1416
3.829396752,1.804668197,1.118821694,0,0,0,0,1416.5
2.414915343,1.511148505,0.476369649,0,0,0,0,1417
0.259175189,0.621384918,0,0,0,0,0,1417.5
1.958393414,0.313198952,0,0,0,0,0,1418
3.005226443,0.902360791,0,0,0,0,0,1418.5
2.682706473,0.98232031,0.100827471,0,0,0,0,1419
0.97173516,0.646990567,0.116146866,0,0,0,0,1419.5
0.827818937,0,0,0.179915322,0,0,0,1420
2.612956413,0.227011298,0,0.283614988,0,0,0,1420.5
3.34387556,0.561690095,0,0,0,0,0.017916637,1421
2.24765586,0.339168313,0,0,0,0,0,1421.5
0.126620905,0,0,0,0,0,0,1422
2.021800807,0.18236166,0,0,0,0,0,1422.5
3.585315243,0.366049762,0,0,0,0,0,1423
3.843059944,0.471259341,0,0,0.40649619,0,0,1423.5
2.546327021,0,0,0,0.502623487,0.40779172,0,1424
0.192479079,0.221532741,0,0,0.525635033,0.285937048,0,1424.5
3.691542501,1.58608676,0,0.007661041,0,0,0,1425
6.773742848,2.668999742,0.438967092,1.364046443,0,0,0,1425.5
7.785342996,3.157039187,2.583953642,1.933970514,0,0,0,1426
6.98524623,3.128795146,3.451945567,0.373220277,0,0,0,1426.5
4.202133723,2.112537604,2.929825491,0,0,0,0,1427
1.335363867,1.540815778,1.259489587,0,0,0,0,1427.5
0.653576355,1.005053863,0,0,0,0,0,1428
0.866315951,0.514023342,0,0,0,0,0,1428.5
0.043908751,0.451854487,0,0,0,0,0,1429
1.198731541,0.478807899,0,0,0,0,0,1429.5
1.369407391,0.148708382,0,0,0,0,0,1430
0.016235398,0.846640566,0,0.741691777,0,0,0,1430.5
2.824604323,2.413959101,2.204945245,0,0.100187129,0,0,1431
5.749863031,3.397100558,3.083238053,0,0,0,0,1431.5
7.084185051,3.133317903,1.78835034,0,0,0,0,1432
5.401938989,2.412994277,0,0,0,0,0,1432.5
1.684609234,0.517226348,0,0,0,0,0,1433
2.26619602,0.563228543,0,0,0,0,0,1433.5
6.186941752,2.806019881,0,0,0,0,0,1434
8.148115311,3.6676194,3.348007022,0,0,0,0,1434.5
7.843578854,4.351000452,4.676030274,0.493993337,0,0,0,1435
5.942387609,3.755006926,3.05594796,0.40576733,0,0,0,1435.5
3.237141179,3.013519788,0,0,0,0,0,1436
0.632958332,1.909496761,0,0,0,0,0,1436.5
0.536271934,1.344783178,0,0,0,0,0,1437
1.041098845,1.367941479,0,0,0,0,0,1437.5
1.48119276,0.735860866,0,0,0,0,0,1438
1.454881865,0.494249833,0,0,0,0,0,1438.5
1.240605967,0.151057322,0.007825172,0,0,0,0,1439
1.848100729,0.396836725,1.737376197,0,0,0,0,1439.5
2.167142005,1.583615622,2.664897019,0,0,0,0,1440
3.08205699,3.241081829,2.82478621,0,0,0,0,1440.5
3.76718681,4.857925969,2.087180207,0.074292963,0,0,0,1441
3.931961871,5.930143063,0.442229017,1.342748328,0,0,0,1441.5
3.661996639,5.509076948,0,0,0,0,0,1442
2.594920098,4.597970861,0,0,0.606598739,0,0,1442.5
1.363161594,3.157910103,0,0,0.203623374,0.143992642,0,1443
0.309576607,1.240592794,0,0,0,0,0,1443.5
0.408755506,0,0,0,0,0,0,1444
0.972902387,0.68405583,0,0,0,0,0,1444.5
1.983767249,2.246358719,0,0,0,0,0,1445
2.365718414,3.160373746,0.211835627,0,0,0,0,1445.5
1.796929515,2.503472236,0.534312177,0,0,0,0,1446
1.112659798,1.968568836,0.259992671,0,0,0,0,1446.5
0.354056189,0.974071723,0,0,0,0,0,1447
0.110478278,0.290256431,0,0,0,0,0,1447.5
0.656335709,0.145467832,0,0,0,0,0,1448
1.146524878,0.786988831,0,0,0,0,0,1448.5
1.153083676,0.875513498,0,0,0,0,0,1449
0.854236223,0.711024065,0,0,0,0,0,1449.5
0.566567565,0.545665767,0,0,0,0,0,1450
0.048799316,0.144605482,0,0,0,0,0,1450.5
0.5603797,0.086441662,0,0,0,0,0,1451
1.084351161,0.502514112,0.377267849,0.219314623,0,0,0,1451.5
1.530798761,0.759556284,0.706084897,0.366737253,0,0,0,1452
1.755636822,0.98066094,0.692342186,0.129111664,0,0,0,1452.5
1.739809397,0.801490141,0.24790433,0,0.010546624,0,0,1453
1.480457573,0.696750559,0,0,0.110776189,0,0,1453.5
0.81685059,0.201933199,0,0,0,0,0,1454
0.143640919,0.023324381,0,0,0,0,0,1454.5
0.529129118,0.173181041,0,0,0,0,0,1455
1.368852954,0.403113092,0.179094137,0,0,0,0,1455.5
1.911364704,0.531712086,0.49595115,0,0,0,0,1456
1.964014281,0.57545179,0.292474108,0,0,0,0,1456.5
1.513569084,0.396357095,0,0,0,0,0,1457
0.450698686,0.07664052,0,0,0,0,0,1457.5
0.710870813,0.088650476,0,0,0,0,0,1458
1.8577793,0.526839873,0,0,0,0,0,1458.5
2.518113764,0.958014994,0.644195469,0,0,0,0,1459
2.518111828,1.183091652,1.138655888,0.29968356,0,0.009351321,0,1459.5
2.002123542,1.102533595,1.124155065,0.500473584,0,0.112087813,0,1460
1.434852571,1.146289024,0.663793758,0.273751552,0,0,0,1460.5
1.0137021,0.781236927,0,0,0,0,0,1461
0.475626394,0.447556866,0,0,0.023771104,0,0,1461.5
0.274989283,0.106559456,0,0,0.221723136,0,0,1462
0.04197701,0,0,0,0.237382186,0,0,1462.5
0.30897181,0.123925527,0,0,0.168990367,0,0,1463
0.817928603,0.439246743,0,0,0,0,0,1463.5
1.052573541,0.33700456,0,0,0,0,0,1464
0.614230322,0.054692858,0,0,0,0,0,1464.5
0.241768847,0.354874774,0,0.063996048,0,0,0,1465
1.615384732,1.094459805,0.493321045,0.850332422,0,0,0,1465.5
2.754661096,1.661524295,1.490176591,0.681039972,0,0,0,1466
3.326403515,1.766249121,1.620281395,0,0,0,0,1466.5
2.930935062,1.500544982,0.555461573,0,0,0,0,1467
1.474021145,0.503107101,0,0,0,0,0,1467.5
0.113853773,0,0,0,0,0,0,1468
0.907759982,0.562128567,0,0,0,0,0,1468.5
1.854155091,1.205016287,0.440242136,0,0.410586871,0,0,1469
2.313667952,1.471424043,1.384389985,0.362312019,0.300408622,0,0,1469.5
2.861759569,1.843301116,1.850392862,1.122637323,0,0.209619091,0,1470
3.311781443,1.661477679,1.259718126,0.12637435,0,0,0,1470.5
3.342315821,1.272911581,0.103058992,0,0,0,0,1471
2.299066035,0.319115176,0,0,0,0,0,1471.5
0.254307104,0.165663177,0,0,0,0,0,1472
2.732733395,1.505413861,0,0,0,0,0,1472.5
5.692853838,3.03163968,1.97760673,0,0,0,0,1473
7.299592642,3.651396157,3.07523134,1.287695925,0,0,0,1473.5
6.570068656,3.34865177,2.693790315,1.307077279,0,0,0,1474
3.853469709,2.220657273,0.837257367,0,0,0,0,1474.5
0.485606887,0.484637284,0,0,0,0,0,1475
1.593279409,0.248354185,0,0,0,0,0,1475.5
1.921585543,0.391609876,0,0,0,0,0,1476
1.104789025,0.920068262,0,0,0,0.33458828,0.050612087,1476.5
0.271389706,1.003384671,0.449246838,0,0.339342029,0.057568694,0.005073695,1477
0.103025312,1.223493595,1.27852442,1.160016957,0.190752754,0,0,1477.5
1.356989199,1.41627237,1.690736301,0.627993146,0,0,0,1478
3.049296351,1.864188576,1.633157877,0,0,0,0,1478.5
4.166676879,1.394120973,0.615523815,0,0,0,0,1479
3.490257714,0.58716441,0,0,0,0,0,1479.5
0.983350323,0.504608556,0,0,0,0,0,1480
2.987651127,2.555081564,0.43937491,0,0,0,0,1480.5
7.348126589,4.364105506,3.053254867,1.149414763,0,0,0,1481
9.999987603,4.94816053,4.379806769,2.014332372,0,0,0,1481.5
10.48223141,4.764719789,4.303861049,0.696067109,0,0,0,1482
7.821689434,3.207186615,1.907974913,0,0,0,0,1482.5
2.793368472,0.77183729,0,0,0,0,0,1483
3.063502249,1.565115374,0,0,0,0,0,1483.5
8.001039354,3.679388319,2.635488049,0,0.22941262,0,0,1484
10.42883447,4.824706032,4.385020417,1.324135638,0.289665909,0,0,1484.5
9.378209242,4.138364535,3.924894956,1.384081642,0,0,0,1485
5.460533322,2.520706323,1.36108879,0,0,0.121264377,0,1485.5
0.449179805,0.078441918,0,0,0,0,0,1486
6.672350265,2.643813538,0.718292331,0,0,0,0,1486.5
10.6950589,4.967202772,3.792999958,0,0,0,0,1487
11.62202504,5.845634906,5.146242274,0.826006406,0,0,0,1487.5
9.584390027,5.600817224,4.590757781,2.223564179,0,0,0,1488
5.430202444,3.822993887,2.642389583,2.110604148,0.061013137,0,0,1488.5
0.627451131,1.974286936,0,0,0.030977329,0,0,1489
3.002390431,0.040107371,0,0,0,0,0,1489.5
4.12066068,0.851643675,0.288960778,0,0,0,0,1490
2.86792394,1.046929192,0.597509653,0,0,0,0,1490.5
0.101231173,0.416073835,0.294734334,0,0,0,0,1491
2.714298043,0.121747821,0,0,0,0,0,1491.5
4.020306677,0.489298722,0,0.415038074,0,0,0,1492
3.219870956,0.490901195,0,0.388103468,0,0,0,1492.5
0.382894757,0.074952259,0,0,0,0.358305898,0.12286165,1493
1.069323923,0.169334717,0,0,0.608277563,0.264323768,0.030896084,1493.5
2.038669514,0.041833487,0,0,0.59764229,0.094058062,0,1494
1.267781097,0.544897148,0,0,0,0,0,1494.5
0.440214716,1.141861727,0.208639618,0,0,0,0,1495
2.78942162,1.53278274,1.376336568,0.044526625,0,0,0,1495.5
4.068953269,1.750798255,1.56565381,0.916205833,0,0,0,1496
4.456271614,1.555357742,1.192235367,0.373808729,0,0,0,1496.5
3.558937103,1.019429412,0.479893225,0,0,0,0,1497
1.76982858,0.45383633,0,0,0,0,0,1497.5
0.308850031,0,0,0,0,0,0,1498
1.919667612,0.182881347,0,0,0,0,0,1498.5
2.627121393,0.18843229,0,0,0,0,0,1499
1.842597745,0.054647612,0,0,0,0,0,1499.5
0.491469016,0.931208812,0.088632499,0,0,0,0,1500
3.467948962,1.962747358,1.307552458,0.938125819,0.045414887,0,0,1500.5
5.867428952,2.736458128,2.151256545,1.345420117,0,0,0,1501
6.323680123,2.870178055,2.140673608,0.318765853,0,0,0,1501.5
4.645389945,2.230221724,0.786464412,0,0,0,0,1502
1.152490142,0.586551959,0,0,0,0,0,1502.5
1.767990462,0.215863265,0,0,0,0,0,1503
3.481666169,0.724988244,0,0,0,0.135398346,0,1503.5
2.831992,0.745220529,0.097837686,0,0,0,0,1504
0.462111785,0.193480857,0,0.139345872,0,0,0,1504.5
1.962843258,0.263025009,0,0,0.278927591,0,0,1505
3.306901376,0.676229513,0,0,0.346585099,0,0,1505.5
2.858464011,0.519122979,0,0,0,0,0,1506
1.186420291,0.526961938,0,0,0,0,0,1506.5
0.274244119,0.428280138,0,0,0,0,0,1507
0.649976362,0.607979243,0,0,0,0,0,1507.5
0.156538969,1.140827924,0.521705596,0,0,0,0,1508
2.106268013,1.898624085,1.626212504,0.08610222,0,0,0,1508.5
3.778587175,2.103086923,2.076742679,0.786324722,0,0,0,1509
3.958179712,1.981831282,1.629295821,0.730609422,0,0,0,1509.5
2.761758095,1.247071041,0.655719886,0.502264723,0,0,0,1510
0.999062206,0.426448419,0,0,0,0.054654988,0,1510.5
0.055801838,0.228805953,0,0,0.502348939,0,0,1511
0.286784967,0.674375371,0,0.306660967,0.30313055,0,0,1511.5
1.768146036,1.223255593,0.891691903,0.693791796,0,0,0,1512
3.258380538,1.729049581,1.441092469,0.864676798,0,0,0,1512.5
3.901540812,2.255479943,1.546971749,0.830665336,0,0,0,1513
3.142502517,1.763456559,1.181200063,0.122748619,0,0,0,1513.5
1.609493504,1.098163855,0.47333246,0,0,0,0,1514
0.024802546,0.655426689,0,0,0,0,0,1514.5
0.93525516,0.104579113,0,0,0,0,0,1515
0.768090287,0.376909857,0,0,0,0,0,1515.5
0.829886171,0.868021699,0.389127085,0,0,0,0,1516
2.785834903,1.434438368,1.088785222,0,0.580914721,0,0,1516.5
4.64556269,1.932845344,1.396981652,0.216385666,0.364553955,0,0,1517
5.043986066,1.880300531,0.945519079,0.133424669,0,0,0,1517.5
3.787821507,1.391854865,0,0,0,0,0,1518
1.310064593,0.466770897,0,0,0,0,0,1518.5
1.384797133,0.134387247,0,0,0,0.013444858,0,1519
3.43984959,0.693750541,0,0,0,0,0,1519.5
3.597208171,0.807732027,0,0,0,0,0,1520
1.971794978,0.073833756,0,0,0,0,0,1520.5
1.185738188,0.863319139,0,0,0,0,0,1521
4.709515426,2.366577365,0,0.752739998,0,0,0,1521.5
7.570069914,3.720576481,2.251455671,1.510588431,0,0,0,1522
8.486525232,4.287554655,3.290528066,0.98777972,0,0,0,1522.5
7.1491079,3.667398734,2.900648419,0,0,0,0,1523
3.928418643,2.458117478,0.892203132,0,0,0,0,1523.5
0.232576759,0.730438075,0,0,0,0,0,1524
2.522834359,0.673846103,0,0,0,0,0,1524.5
3.839510542,1.310173596,0,0,0,0,0,1525
3.267780512,1.391959194,1.182046511,0,0,0,0,1525.5
1.56833445,0.932775074,1.086871111,0,0,0,0,1526
0.399131355,0.09610058,0.022478374,0,0,0,0,1526.5
1.846508947,0.467317215,0,0,0,0,0,1527
2.432384595,0.918044432,0,0,0.186868993,0,0,1527.5
1.940393022,1.058487245,0,0,0,0,0,1528
1.370974481,1.356822517,0,0,0,0,0,1528.5
1.168182516,1.531376626,0.824273059,0,0,0,0,1529
1.940464731,1.930497215,1.943589496,0,0,0,0,1529.5
3.162819963,2.112526576,2.55490399,0.847008628,0,0,0,1530
4.575895636,2.600159481,2.355168566,1.276169415,0,0,0,1530.5
5.203969405,2.438070089,0.986549865,0,0,0,0,1531
4.961235527,2.204882768,0,0,0,0,0,1531.5
3.380456405,1.434218417,0,0,0,0,0,1532
0.944020463,0.424183621,0,0,0,0,0,1532.5
0.870558908,0.430235806,0,0,0,0,0,1533
2.649886854,0.037978846,0.594680599,0,0,0,0,1533.5
3.298629005,0.124354763,1.127356924,0,0,0,0,1534
3.017471413,0.420797768,0,0,0,0,0,1534.5
1.814555435,0.112159555,0,0,0,0,0,1535
0.25422112,0.465531837,0,0,0,0,0,1535.5
1.055365594,0.539433731,0,0,0,0,0,1536
3.52589409,0.208008103,0,0.185597269,0,0,0,1536.5
5.880451198,1.632027173,0.603607781,2.441766365,0,0,0,1537
7.473959389,3.654032625,4.138436299,0.812206686,0.118429445,0,0,1537.5
7.758414643,4.303683756,5.0321736,0,0.485283313,0,0,1538
6.788890099,4.480906603,2.794715361,0,0,0,0,1538.5
5.040470643,3.892009015,0,0,0,0,0,1539
3.30061632,2.875265912,0,0,0,0,0,1539.5
1.410620669,1.645626267,0,0,0,0,0,1540
0.215585446,0.40372408,0,0,0,0,0,1540.5
0.329563814,0.089162793,0,0,0,0,0,1541
1.114422146,0.894830423,0,0,0,0,0,1541.5
1.731686919,1.079692513,0.863502222,0,0,0,0,1542
2.100371371,1.278874077,1.61971334,0,0,0,0,1542.5
2.630704739,1.695896939,1.739437388,0,0,0,0,1543
2.792142014,1.730104656,0.975834301,0,0,0,0,1543.5
2.651531766,0.760872106,0,0,0,0,0,1544
2.315317429,0.718593973,0,0,0,0,0,1544.5
1.940999177,0,0,0,0,0,0,1545
1.11580014,0.341395057,0,0,0,0,0,1545.5
0.204555086,0.862536728,0,0,0,0,0,1546
0,0.830228098,0,0,0,0.023014202,0,1546.5
0.137784456,0.783701725,0,0,0,0.059156307,0,1547
0.660995433,0.84270481,0,0,0,0,0,1547.5
1.862329031,0.935380035,0,0,0,0,0,1548
2.67009932,0.094958317,0,0,0,0,0,1548.5
3.325455843,0,0,0,0.074061651,0,0,1549
3.703991306,0,0.256065796,0,0.215965247,0,0,1549.5
3.657883229,0,1.175113975,0.04419038,0.207633343,0,0,1550
3.307863357,0,1.620212586,0.695169378,0.064539819,0,0,1550.5
2.830287014,0,1.731392131,0.815991012,0,0,0,1551
2.439681199,0,1.459006291,0.516485897,0,0,0,1551.5
1.92560834,0.133525874,0.557128509,0,0,0,0,1552
1.260207055,0.130768067,0,0,0,0,0,1552.5
0.669720099,0.555582677,0,0,0,0,0,1553
0.21374935,1.404087341,0,0,0,0,0,1553.5
0.084706012,1.706635847,0,0,0,0,0,1554
0,2.19086199,0,0,0,0,0,1554.5
0,2.665315362,0,0,0,0,0,1555
0.245596856,2.970842491,0,0,0,0,0,1555.5
0.198667302,3.097021922,0,0,0,0,0,1556
0.47601857,2.937253387,0,0,0,0,0,1556.5
0.733926422,2.74991749,0,0,0,0,0,1557
0.735783795,2.649772669,0,0,0,0,0,1557.5
1.0895969,1.480734477,0,0,0,0,0,1558
1.262018732,0.795873154,0,0,0,0,0,1558.5
1.065967122,0.115784898,0,0,0,0,0,1559
0.79403861,0.233673313,0,0,0,0,0,1559.5
0.547948245,1.17074655,0,0,0,0,0,1560
0.180297794,1.924459731,0,0,0,0,0,1560.5
0.149959461,2.649579356,0,0,0,0,0,1561
0.767053462,2.982659834,0,0,0,0,0,1561.5
1.393636821,3.102200733,0,0,0,0,0,1562
2.006632591,3.292234328,0,0,0,0,0,1562.5
2.628975649,3.388172431,0,0,0,0,0,1563
2.971407843,3.134076637,0,0,0,0,0,1563.5
3.189925853,2.8340009,0,0,0.031910127,0,0,1564
3.124618103,2.72211702,0,0,0,0,0,1564.5
2.99023676,2.2712364,0,0,0,0,0,1565
2.942595488,1.885103899,0,0,0,0,0,1565.5
2.576576797,1.405994639,0,0,0,0,0,1566
1.888500988,0.799562452,0,0,0,0,0,1566.5
1.343849852,0.357202136,0,0,0,0,0,1567
0.786194708,0,0,0,0,0,0,1567.5
0.212926965,0.229021857,0,0,0,0,0,1568
0.044491905,0.597769443,0,0,0,0,0,1568.5
0.335686544,0.749288734,0,0,0,0,0,1569
0.454825319,0.779887462,0,0,0,0,0,1569.5
0.545603318,0.811444018,0,0,0,0,0,1570
0.349029855,0.578531833,0,0,0,0,0,1570.5
0.235296823,0.425344649,0,0,0,0,0,1571
0.059973977,0.188448077,0,0,0,0,0,1571.5
0,0.188411785,0,0,0,0,0,1572
0.329333947,0.360788005,0,0,0,0,0,1572.5
0.501439491,0.884927236,0,0,0,0,0,1573
0.728043226,1.347651067,0,0,0,0,0,1573.5
0.881207379,1.629703045,0,0,0,0,0,1574
1.175206595,1.76763186,0,0,0,0,0,1574.5
1.312397499,1.879117236,0,0,0,0,0,1575
1.359932399,1.864427462,0,0,0,0,0,1575.5
1.484462667,1.414776413,0,0,0,0,0,1576
1.337169676,1.060058158,0,0,0,0,0,1576.5
0.959173559,0.478446091,0,0,0,0,0,1577
0.537274596,0.257231595,0,0,0,0,0,1577.5
0.296391346,0,0,0,0,0,0,1578
0,0.257267869,0,0,0,0,0,1578.5
0.673478252,0.751125506,0,0,0,0,0,1579
1.193284295,1.326383396,0,0,0,0,0,1579.5
1.666052322,1.59084937,0,0,0,0,0,1580
1.794180918,1.471596698,0,0,0,0,0,1580.5
1.724353543,1.082525828,0,0,0,0,0,1581
1.322948205,0.386884668,0,0,0,0,0,1581.5
0.668332488,0.07400203,0.189960014,0,0,0,0,1582
0.000579996,0.147744996,0.506178534,0,0,0,0,1582.5
0.96445286,0.725167616,0.229776533,0,0,0,0,1583
1.729068678,1.094776427,0,0.128068978,0,0,0,1583.5
2.23636564,1.122766866,0,0.089246744,0,0,0,1584
2.270745382,0.76757602,0,0,0,0,0,1584.5
1.769390194,0.371882153,0,0,0,0,0,1585
0.6982334,0.030815124,0,0,0,0,0,1585.5
0.667157302,0.913848511,0,0,0,0,0,1586
2.261848376,1.561732327,0.965913348,0,0,0,0,1586.5
3.838564709,2.060358232,1.514379079,0,0,0,0,1587
4.80810326,2.251197777,1.354886096,0,0,0,0,1587.5
5.079559481,2.062815054,0.510092102,0,0,0,0,1588
4.229716942,1.47150499,0,0,0,0,0,1588.5
2.518685643,0.484928105,0,0,0.00658217,0,0,1589
0.177410256,0.092772634,0,0,0.010027222,0,0,1589.5
2.574222864,1.378500447,0.403050081,0.167319103,0,0,0,1590
5.231925299,2.423302478,1.668358293,0,0,0,0,1590.5
6.935549791,3.073945689,2.17196437,0,0,0,0,1591
7.404946451,3.129345283,1.532845042,0,0,0,0,1591.5
6.327165059,2.528074769,0,0,0,0,0,1592
3.968434535,1.384692003,0,0,0,0,0,1592.5
0.777550743,0,0,0,0,0,0,1593
2.018268542,0.393346893,0,0,0,0,0,1593.5
4.55009201,1.625425708,0,0,0,0,0,1594
5.891549389,2.287447217,0.38116129,0,0,0,0,1594.5
5.801095053,2.302323885,1.134532665,0,0,0,0,1595
4.327664994,1.749293916,1.13617966,0,0,0,0,1595.5
1.969824332,0.916771184,0.449222828,0,0,0,0,1596
0.313986121,0,0,0,0,0,0,1596.5
2.29769338,0.310872383,0,0.023211743,0,0,0,1597
3.335227506,0.744019269,0,0.116667929,0,0,0,1597.5
3.160790724,0.762775513,0,0.174662816,0,0,0,1598
1.668601,0.26317335,0,0.158591337,0,0,0,1598.5
0.155679347,0,0,0.170322528,0,0,0,1599
2.100744502,0.613113292,0.150304203,0,0.004086973,0,0,1599.5
3.269441671,1.026952066,0.476188615,0,0,0,0,1600
3.382780503,1.07980928,0.08322742,0,0,0,0,1600.5
2.386796432,0.641799303,0,0,0,0,0,1601
0.853380807,0.015471568,0,0,0,0,0,1601.5
0.569097029,0,0,0,0,0,0,1602
2.054222475,0.510923335,0,0,0,0,0,1602.5
2.878281665,0.763185663,0,0,0,0,0,1603
2.525026938,0.585177959,0,0,0,0,0,1603.5
1.493000726,0,0,0,0,0,0,1604
0.002748252,0,0,0,0,0,0,1604.5
1.829810865,0.456016046,0,0.016313796,0,0,0,1605
3.104620494,0.997655557,0.243125177,0.156448803,0,0,0,1605.5
3.291524776,1.133638023,0.650638543,0.029788257,0,0,0,1606
2.329857917,0.795115554,0.372258219,0,0,0,0,1606.5
0.653132351,0.199718,0,0,0.149450484,0,0,1607
0.561841461,0,0,0,0.007626956,0,0,1607.5
1.661999858,0.236845293,0,0,0,0,0,1608
1.97318337,0.46708948,0,0,0,0,0,1608.5
1.417834433,0.394318033,0,0,0,0,0,1609
0.390203642,0.116505093,0,0,0,0,0,1609.5
0.728091015,0.001385621,0,0,0,0,0,1610
1.598657336,0.291253845,0,0,0,0,0,1610.5
1.933082802,0.600752613,0,0,0,0,0,1611
1.650694595,0.658617675,0.168416995,0,0,0,0,1611.5
0.873842494,0.5439745,0.330475446,0.179590376,0,0,0,1612
0.025037147,0.260737563,0.246110631,0.300785221,0.001618758,0,0,1612.5
0.662079112,0.072964623,0.245743232,0.278653709,0,0,0,1613
0.99257657,0.010200951,0.160663314,0.105540338,0,0,0,1613.5
0.769407785,0.007005238,0.192694606,0,0,0,0,1614
0.046509015,0.161559496,0.270985286,0,0,0,0,1614.5
0.79494768,0.419660498,0.336192448,0,0,0,0,1615
1.481501408,0.526184266,0.25071643,0,0,0,0,1615.5
1.575488004,0.504387234,0,0,0,0,0,1616
1.1571918,0.276388747,0,0,0,0,0,1616.5
0.365101839,0.048862466,0,0,0,0,0,1617
0.239373579,0.008434039,0,0,0,0,0,1617.5
0.568542861,0.146647601,0,0,0.037083162,0,0,1618
0.338903839,0.025907245,0,0,0.07522522,0,0,1618.5
0.005734175,0,0,0,0,0,0,1619
0.45814147,0.097421175,0,0,0,0,0,1619.5
0.552210213,0.180591806,0,0,0,0,0,1620
0.363851316,0.219821354,0,0,0,0,0,1620.5
0.064243723,0.253475511,0.19946394,0,0,0,0,1621
0.003964386,0.346438795,0.457484978,0,0,0,0,1621.5
0.286517729,0.48544503,0.552967648,0.114478658,0,0,0,1622
0.758447009,0.609789367,0.641677356,0.579615573,0,0,0,1622.5
1.391406762,0.710726685,0.554111289,0.446925365,0,0,0,1623
1.70543262,0.712906672,0.308529701,0,0.105749818,0,0,1623.5
1.43245382,0.539386092,0,0,0.041316278,0,0,1624
0.536931021,0.147770376,0,0,0,0,0,1624.5
0.486667158,0.155464392,0,0,0,0,0,1625
1.398458912,0.440201643,0.1902876,0,0,0,0,1625.5
1.574697369,0.476501375,0.098650093,0,0,0,0,1626
0.749898819,0.182873631,0,0,0,0,0,1626.5
0.67811602,0.136007485,0,0,0,0,0,1627
2.387794569,0.805867602,0,0,0,0,0,1627.5
3.401397602,1.315679937,0.696126006,0,0,0,0,1628
3.487837777,1.498510785,1.112251277,0,0,0,0,1628.5
2.324804318,1.281256386,1.083993193,0.090829584,0,0,0,1629
0.480464433,0.771863322,0.521831932,0.605063329,0.002695935,0,0,1629.5
1.084872715,0.139402485,0,0.461351537,0.083281378,0,0,1630
1.926664248,0.134635404,0,0,0.022459532,0,0,1630.5
1.922708916,0.300910614,0,0,0,0,0,1631
1.011218871,0.363699095,0,0,0,0,0,1631.5
0.203238132,0.153979407,0,0,0,0,0,1632
1.280118345,0,0,0,0,0,0,1632.5
1.876018058,0,0,0,0,0,0,1633
1.743177291,0.216073061,0,0,0,0,0,1633.5
0.991286238,0.301079107,0,0,0,0,0,1634
0.05008613,0.321948392,0,0,0,0,0,1634.5
0.813558334,0.243380872,0.002658979,0,0,0,0,1635
0.915694776,0.362062855,0.450817062,0.087246434,0,0,0,1635.5
0.320209439,0.653213537,0.801212715,0.603391125,0,0,0,1636
1.10493016,0.991996185,1.026507242,0.442791651,0,0,0,1636.5
2.669410737,1.345141813,1.063853964,0,0,0,0,1637
3.765949723,1.481414951,0.571238389,0,0,0,0,1637.5
3.866831127,1.19243271,0,0,0,0,0,1638
2.645955396,0.510206957,0,0,0,0,0,1638.5
0.328745307,0,0,0,0,0,0,1639
2.101773801,0.872451213,0,0,0,0,0,1639.5
4.152724318,1.431044808,0.71024188,0,0,0,0,1640
4.644489608,1.666131032,0.671113459,0,0,0,0,1640.5
3.23811205,0.943423608,0,0,0,0,0,1641
0.257435545,0,0,0,0,0,0,1641.5
3.230176276,1.492786343,0,0,0.08440982,0,0,1642
6.111457154,2.891751723,1.4233368,0,0.013552254,0,0,1642.5
7.146602802,3.403629842,2.553782769,0.6876828,0,0,0,1643
6.081124773,3.014955912,2.371959034,1.047339019,0,0,0,1643.5
3.581530704,1.948839122,0.980334382,0.528671867,0,0,0,1644
0.553259549,0.56931184,0,0,0,0,0,1644.5
1.766934832,0.228747884,0,0,0,0,0,1645
2.76583133,0.853705225,0,0,0,0,0,1645.5
2.299323993,0.876794788,0.227481843,0,0,0,0,1646
0.985472365,0.522138277,0.165093768,0,0,0,0,1646.5
0.388855642,0.04000903,0,0,0,0,0,1647
1.397747662,0.120084729,0,0,0,0,0,1647.5
1.705428043,0.328109343,0,0,0,0,0,1648
1.475614181,0.494110151,0,0,0,0,0,1648.5
0.915530414,0.494103593,0,0,0,0,0,1649
0.391580962,0.543751776,0.004335948,0,0,0,0,1649.5
0.087540158,0.72385466,0.602623558,0,0,0,0,1650
0.202120191,0.794073437,1.050846129,0.299461112,0,0,0,1650.5
0.462863875,0.796694088,0.983586526,0.49895981,0,0,0,1651
0.867774717,0.661837124,0.731002845,0.432656582,0,0,0,1651.5
1.487810943,0.66711017,0.421603697,0.221182267,0,0,0,1652
2.05697893,0.721716069,0.290799313,0,0,0,0,1652.5
2.593263533,0.797269619,0.299140506,0,0,0,0,1653
2.734587882,0.962965914,0.40834915,0.041832002,0,0,0,1653.5
2.318268758,0.964088056,0.656561763,0.234921875,0,0,0,1654
1.331741183,0.906514482,0.768555,0.303961926,0,0,0,1654.5
0.015745881,0.637979007,0.507438035,0.426090712,0,0,0,1655
0.972698919,0.287245164,0.436874679,0.294203078,0,0,0,1655.5
1.193590327,0.185972903,0.190262215,0.085772327,0,0,0,1656
0.690503365,0.094666461,0,0,0,0,0,1656.5
0.273989524,0.220867017,0.068359305,0,0,0,0,1657
1.36789191,0.375486962,0.18178196,0,0,0,0,1657.5
1.999889117,0.616421681,0.308686574,0,0,0,0,1658
2.151655632,0.814159395,0.358663107,0,0.051187554,0,0,1658.5
1.913392479,0.765679748,0.448847051,0,0,0,0,1659
1.677538901,0.767948097,0.645316291,0,0,0,0,1659.5
1.677209077,0.893489235,0.67544216,0.186959661,0,0,0,1660
1.678713891,1.123320905,1.010167295,0.36145295,0,0,0,1660.5
1.901137271,1.133507927,1.141250096,0.639918157,0,0,0,1661
1.990730218,1.211595457,0.98412757,0.648701116,0,0,0,1661.5
1.718076202,1.198572346,0.656973434,0.414884757,0,0,0,1662
0.927593779,0.6521367,0,0,0,0,0,1662.5
0.126891558,0.188907746,0,0,0,0,0,1663
1.012724093,0,0,0,0,0,0,1663.5
1.38459832,0.15523952,0,0,0,0,0,1664
0.878400775,0,0,0,0,0,0,1664.5
0.404994798,0.232832948,0,0,0,0,0,1665
2.181249052,0.926761374,0.347033636,0,0,0,0,1665.5
3.764367393,1.657389087,1.391859655,0.190738957,0,0,0,1666
4.599591517,2.094188717,1.965983196,0.646910994,0,0,0,1666.5
4.513097311,2.193773251,1.92079209,0.801910911,0,0,0,1667
3.667229308,1.89971018,1.197535604,0.508377012,0,0,0,1667.5
2.220305938,1.103943242,0.19986287,0.109695272,0,0,0,1668
0.38711767,0.321794771,0,0,0,0,0,1668.5
0.859269438,0.133142195,0,0,0,0,0,1669
1.973436967,0.437850636,0,0,0.072269548,0,0,1669.5
1.976961677,0.356308721,0,0,0.059819996,0,0,1670
0.91928524,0.052029378,0,0,0,0,0,1670.5
1.182381351,0.971735742,0.011768978,0.132774126,0,0,0,1671
3.523107952,2.067414431,1.426834235,0.676729331,0,0,0,1671.5
5.343560236,2.810598462,2.143611409,0.712771273,0,0,0,1672
5.844933674,2.747417893,2.229513176,0.546106228,0,0,0,1672.5
4.795701966,2.035838997,1.26986466,0.067091064,0,0,0,1673
2.605065323,0.920414882,0,0,0,0,0,1673.5
0.193315722,0,0,0,0,0,0,1674
1.698843853,0.498511414,0,0,0,0,0,1674.5
2.229139077,0.603810339,0,0,0,0,0,1675
1.361559972,0.215892603,0,0,0,0,0,1675.5
0.525129444,0.712363422,0,0.265230048,0,0,0,1676
3.108227946,1.847745669,1.162722709,0.711667027,0,0,0,1676.5
5.163932497,2.775014641,2.399216515,1.083175789,0,0,0,1677
6.359207362,3.571173728,3.039390597,1.034581014,0,0,0,1677.5
6.390252038,3.4784045,2.530855825,0.605657509,0,0,0,1678
5.270658047,2.788616602,1.4307857,0.136372498,0,0,0,1678.5
3.110202203,1.752132096,0,0,0,0,0,1679
0.943865858,0.367660164,0,0,0,0,0,1679.5
1.006743256,0.277280979,0,0,0,0,0,1680
2.366784643,0.956217666,0.016748971,0,0,0,0,1680.5
2.77174012,1.074478055,0,0,0,0,0,1681
1.931590666,0.565116463,0,0,0,0,0,1681.5
0.136937712,0.112956312,0,0,0,0,0,1682
2.648481554,1.574343456,0.011468451,0.432770397,0.046275004,0,0,1682.5
5.799141962,2.986592725,2.075129187,0.938700837,0.079548256,0,0,1683
8.060506951,4.242265904,3.441649689,1.153396685,0.066606679,0,0,1683.5
8.838644842,4.517952831,3.681789232,1.055829307,0.000663631,0,0,1684
7.878207837,3.883172867,2.541421288,0.625714896,0,0,0,1684.5
4.45053308,2.226808878,0.004563584,0,0,0,0,1685
0.056386577,0.137940141,0,0,0,0,0,1685.5
3.762467254,1.121245094,0,0,0,0,0,1686
5.780023809,1.815739621,0.715375749,0,0,0,0,1686.5
4.974797544,1.600050186,0.582337164,0,0,0,0,1687
1.810205135,0.55693317,0,0,0,0,0,1687.5
2.222655201,0.82319635,0,0,0,0,0,1688
6.037586708,2.409207067,0.388675205,0.097193589,0,0,0,1688.5
8.232136325,3.652388542,2.155242954,0.701583164,0,0,0,1689
8.982724314,4.144216202,3.181778943,0.861977687,0,0,0,1689.5
7.71364141,4.101385644,3.320733997,0.925244681,0,0,0,1690
5.55364232,3.391761972,2.803889133,0.731317905,0,0,0,1690.5
3.255605914,2.556158792,1.981862761,0.646486218,0,0,0,1691
1.413137294,1.680673417,1.325887016,0.525594964,0,0,0,1691.5
0.267674006,1.204701734,0.542925521,0.604690185,0,0,0,1692
0.075372707,0.803949944,0.313254142,0.592727253,0,0,0,1692.5
0.702918802,0.782544021,0.509847885,0.503600135,0,0,0,1693
1.700454572,0.879264692,0.762827816,0.370290513,0.00544211,0,0,1693.5
2.912356977,1.013040342,0.741325784,0.107697328,0.071619944,0,0,1694
3.549078759,1.440730265,0.969129159,0,0.037915324,0,0,1694.5
3.42932064,1.292089224,0.857318241,0,0,0,0,1695
2.759421332,1.144635731,0.786942426,0,0,0,0,1695.5
2.011418147,1.081365141,0.625609694,0,0,0,0,1696
1.788097002,1.550853698,0.692686931,0,0,0,0,1696.5
2.166189469,2.022927009,1.216772863,0.370015148,0,0,0,1697
3.050839273,2.48840081,1.74900025,1.002939242,0,0,0,1697.5
4.233163454,3.022828322,2.339178108,1.458582044,0,0,0,1698
5.260564411,3.391246142,2.739769095,1.563785517,0,0,0,1698.5
5.474138679,3.276773495,2.650468489,1.067151975,0,0,0,1699
4.815024066,2.653917223,1.972703204,0.42640479,0,0,0,1699.5
3.906497201,1.921224932,1.384945158,0,0,0,0,1700
2.612612469,1.17419257,0.492814473,0,0,0,0,1700.5
1.56411297,0.5039197,0.107735552,0,0,0,0,1701
1.055994901,0.354916472,0,0,0,0,0,1701.5
0.803098388,0.233001971,0,0,0,0,0,1702
0.808665343,0.502387805,0.075922365,0,0.107852041,0,0,1702.5
1.015842079,0.966327159,0.572876235,0,0,0,0,1703
1.80554279,1.621418465,0.903724729,0.265906275,0,0,0,1703.5
2.785730902,2.347382591,1.602512458,0.441423536,0,0,0,1704
4.196688836,2.833459,2.018348621,0.924533767,0,0,0,1704.5
5.696429008,3.498139811,2.623207677,0.873380597,0,0,0,1705
6.97261708,3.759471849,2.977233959,1.177841175,0,0,0,1705.5
7.346005667,3.722095394,3.043863126,1.009433888,0,0,0,1706
7.021217937,3.415514376,2.878854354,0.854090438,0,0,0,1706.5
5.89113325,2.96754203,2.099850076,0.82838194,0,0,0,1707
3.611043804,1.948008031,1.29704598,0.738199546,0,0,0,1707.5
1.508856194,1.358071949,0.538301645,0.392180844,0,0,0,1708
0.249604227,0.686204122,0,0.173401251,0,0,0,1708.5
0.728634356,0.491567678,0,0,0,0,0,1709
0.044361274,0.846563497,0.078113881,0,0.223664929,0,0,1709.5
2.672523019,2.185678635,1.070631396,0.074171804,0.222354332,0,0,1710
5.922393662,3.401496519,2.274062046,0.597157827,0.122641792,0,0,1710.5
9.167542903,5.053346785,3.598979059,1.028337374,0,0,0,1711
11.16931767,5.502091605,4.571999267,1.455716313,0,0,0,1711.5
11.16837171,5.587271497,4.509809695,1.711028326,0,0,0,1712
9.587261684,5.163881786,3.896358448,1.658011062,0,0,0,1712.5
6.485072317,3.950837879,3.188923359,1.307552027,0,0,0,1713
4.070746705,2.970327755,2.121147174,0.686014492,0,0,0,1713.5
1.801201816,2.030643789,0.955155934,0.369011052,0,0,0,1714
0.896109082,1.489279691,0.381488433,0.309241754,0,0,0,1714.5
1.767876156,1.545623558,0.400091919,0.109905754,0,0,0,1715
2.73986133,1.539492833,0.682674622,0.208071619,0,0,0,1715.5
3.74682489,1.769449495,1.18562542,0.123374555,0,0,0,1716
4.098881458,1.673019523,1.316273674,0.209088393,0,0,0,1716.5
4.08497562,2.132267946,1.429018409,0.539234373,0,0,0,1717
4.086533463,2.229603333,1.530383393,0.490773122,0,0,0,1717.5
4.250868144,2.842766346,1.933928547,0.660765447,0,0,0,1718
5.253911704,3.595295028,2.319332654,0.905638834,0,0,0,1718.5
6.890396474,4.137925238,3.128361086,1.220507739,0,0,0,1719
8.133408191,4.648395749,3.42242926,1.014613421,0,0,0,1719.5
8.737461749,5.02364149,3.720694,1.076649357,0,0,0,1720
8.470557343,4.732859378,3.316187233,1.075289502,0,0,0,1720.5
7.074439064,3.840922346,2.680423784,0.905429287,0.188146004,0,0,1721
5.296651881,3.041256445,2.10143741,0.700963588,0.031862027,0,0,1721.5
3.403026542,2.406229542,1.244904748,0.53452822,0,0,0,1722
2.187478693,1.925685865,0.886151466,0.444853246,0,0,0,1722.5
2.355667267,1.822535091,0.809137992,0.506783096,0,0,0,1723
3.524865166,2.638782678,1.429327606,0.760545183,0,0,0,1723.5
5.4849487,3.151589605,2.32155905,1.085114766,0,0,0,1724
7.261074139,3.930645264,3.100209112,0.960700186,0,0,0,1724.5
8.587280915,4.105414099,3.312389068,0.985068105,0,0,0,1725
8.244908476,3.951794433,3.005967485,0.639298451,0,0,0,1725.5
6.748430393,3.30902732,2.320191091,0.450913404,0,0,0,1726
3.996377099,2.471791973,1.396187886,0.230125879,0,0,0,1726.5
1.495499625,1.476976793,0.489085955,0.029068148,0,0,0,1727
0.105541623,1.342177603,0.105416561,0,0,0,0,1727.5
1.17412607,1.74109856,0.689416495,0.146015533,0,0,0,1728
4.168480227,3.233515985,1.947082241,0.971291507,0,0,0,1728.5
8.703281608,4.873791377,3.809169832,1.566140926,0,0,0,1729
12.87030482,6.474512904,5.301338813,2.071636854,0,0,0,1729.5
15.05890222,7.282103454,5.78305182,2.003635921,0,0,0,1730
13.175306,6.403984281,4.481567768,1.376266825,0,0,0,1730.5
8.734902979,4.414770182,1.579582603,0.423836223,0,0,0,1731
2.046175136,1.471593701,0,0,0,0,0,1731.5
3.232191732,0.334441506,0,0,0,0,0,1732
6.145591426,1.338742839,0,0,0,0,0,1732.5
4.707716456,1.082740228,0,0,0,0,0,1733
0.572128908,0.074650326,0,0,0.087166208,0,0,1733.5
5.119931618,2.330409633,0.424523056,0.493923783,0.226603592,0,0,1734
10.77351798,5.090870665,3.230993699,1.329478465,0.299489855,0.067407332,0,1734.5
14.60447012,6.594749647,4.704465615,1.691659316,0.13586905,0,0,1735
15.06855709,7.296366229,5.217512303,1.568448421,0,0,0,1735.5
12.85089388,6.692451303,4.415707998,1.066808195,0,0,0,1736
8.969833634,5.317005776,3.312765466,0.754428012,0,0,0,1736.5
5.064416073,3.949981165,2.183860893,0.358068547,0,0,0,1737
2.228066907,3.023232621,1.187161695,0.435966661,0,0,0,1737.5
1.558803105,2.446867107,1.263154898,0.520413844,0,0,0,1738
2.266617199,2.441769407,1.97869062,1.0762799,0,0,0,1738.5
3.560256751,2.47847086,2.54827166,1.077117802,0,0,0,1739
5.487418414,3.000829107,2.743401742,1.19355412,0,0,0,1739.5
7.259281961,3.187085618,2.483604555,1.14535062,0,0,0,1740
7.822310816,3.387095356,2.469269307,0.697550182,0,0,0,1740.5
7.493381871,3.3671229,2.118790091,0.281383359,0,0,0,1741
6.926411835,3.321374535,1.230639479,0.244599918,0,0,0,1741.5
6.236340451,3.474549742,1.527090263,0.07471309,0,0,0,1742
6.034733935,3.695940477,1.597832442,0.445732377,0,0,0,1742.5
6.68034955,3.71850644,1.959670285,0.540934073,0,0,0,1743
6.901758239,4.166037168,2.588057241,1.088332026,0,0,0,1743.5
7.355601786,4.666559319,3.073198769,1.289771724,0,0,0,1744
7.972878733,5.152532371,3.70236624,1.335177264,0,0,0,1744.5
8.135042242,4.532625584,3.633511197,1.37933697,0,0,0,1745
7.571222926,4.287702634,3.362419799,0.955742857,0,0,0,1745.5
6.667454663,3.619565443,2.634977872,0.617938598,0,0,0,1746
5.352398742,3.192239516,2.35555464,0.684747163,0,0,0,1746.5
3.728009232,2.356019655,1.63007728,0.320770049,0,0,0,1747
2.639535978,2.147147481,0.882045672,0.110316765,0,0,0,1747.5
2.538876828,1.784659838,0.4629351,0.19528697,0,0,0,1748
2.560753823,1.952049548,0.472495376,0.402197241,0,0,0,1748.5
3.937066245,2.520586973,1.296701583,0.636086615,0.020722645,0,0,1749
5.953076485,3.298899884,1.710624203,0.769449612,0.181585651,0,0,1749.5
7.957412108,3.827770468,2.854270319,1.205779114,0.193604356,0,0,1750
9.335231239,4.712401794,3.011317031,0.814511912,0.088888083,0,0,1750.5
10.31872422,4.93621407,3.627733677,1.097145006,0,0,0,1751
10.17649568,5.174387936,3.538136515,0.989078461,0,0,0,1751.5
9.114140876,5.10506496,3.233258546,1.00209352,0,0,0,1752
7.812480874,3.941675843,2.596668125,0.383790538,0,0,0,1752.5
6.015216761,3.42572712,2.079103887,0.11952024,0,0,0,1753
4.672834897,3.013311767,1.524550417,0.5781435,0,0,0,1753.5
3.335594155,2.361541106,1.284998436,0.129118131,0,0,0,1754
2.135327661,1.310845291,0.735283026,0.282082457,0,0,0,1754.5
1.611951783,1.558130148,0.330451007,0.377758937,0,0,0,1755
1.060999126,0.831780499,0.69654587,0.402489051,0,0,0,1755.5
1.121363215,0.747021502,0.502970753,0.333699266,0,0,0,1756
1.073244903,1.17825157,0.530778838,0.445795806,0,0,0,1756.5
1.21576181,0.869558841,0.625116922,0.280051369,0,0,0,1757
1.925933511,1.390204433,0.550686196,0.220006923,0,3.83E-06,0,1757.5
2.765328431,1.737786228,1.061473252,0,0.080033838,0.039342924,0,1758
3.963105405,2.31634576,1.259163989,0.317157649,0.147776847,0.037655603,0,1758.5
5.177613918,2.521095551,1.470970132,0.288986468,0.14859318,0.012253531,0,1759
6.392850525,3.008497937,1.905956636,0.488598328,0.025499651,0,0,1759.5
7.504683674,3.255324688,2.316839763,0.734075422,0,0,0,1760
8.222993618,3.996599712,2.443302979,0.950374408,0,0,0,1760.5
8.788367636,3.939713017,2.902397241,0.910912549,0,0,0,1761
8.770225052,4.227458117,2.751837189,1.133366531,0,0,0,1761.5
8.754347637,4.407245638,2.393119603,0.78873104,0,0,0,1762
8.220292983,3.895814829,2.117554673,0.48262719,0,0,0,1762.5
7.576368028,3.750335511,1.576906991,0.247473262,0,0,0,1763
6.227538353,3.363411729,1.146105951,0,0,0,0,1763.5
5.4074619,2.827531511,0.661428677,0,0,0,0,1764
4.299985428,2.084972622,0,0,0,0,0,1764.5
3.432386448,1.866332179,0,0,0,0,0,1765
2.321166996,1.44865831,0,0,0,0,0,1765.5
1.60974943,0.886086223,0,0,0,0,0,1766
0.654961686,0.520756501,0,0,0,0,0,1766.5
0.109012045,0.24332352,0,0,0,0,0,1767
0.548212465,0,0,0,0,0,0,1767.5
1.043099949,0,0,0,0,0,0,1768
1.576072385,0,0,0,0,0,0,1768.5
2.279292168,0.230866156,0,0,0,0,0,1769
2.45999975,0.18900368,0,0,0,0,0,1769.5
3.351909458,0.654985355,0,0,0,0,0,1770
3.920768515,0.839763049,0,0,0,0,0,1770.5
3.970019037,1.142826036,0,0,0,0,0,1771
4.51396665,1.424643204,0,0,0,0,0,1771.5
5.010862222,1.663340774,0,0,0,0,0,1772
5.215111162,1.936299747,0,0,0,0,0,1772.5
5.345794778,2.029805277,0,0,0,0,0,1773
5.836201713,2.366049527,0,0,0,0,0,1773.5
6.103161822,2.507579,0,0,0,0,0,1774
6.407289529,2.66691884,0,0,0,0,0,1774.5
6.651738582,2.854694298,0,0,0,0,0,1775
7.012102304,2.933785927,0,0,0,0,0,1775.5
7.056905418,2.993025122,0,0,0,0,0,1776
7.615618092,3.398862714,0,0,0,0,0,1776.5
7.735517111,3.520552968,0,0,0,0,0,1777
8.130927802,3.646069466,0,0,0,0,0,1777.5
7.944195188,3.767963362,0,0,0,0,0,1778
8.194047011,3.672854995,0,0,0,0,0,1778.5
8.415475867,4.11559923,0.07245285,0,0,0,0,1779
8.423783454,4.385323246,0.136639024,0,0,0,0,1779.5
8.541020517,4.351244051,0.487007273,0,0,0,0,1780
8.698782793,4.357424677,0.674853858,0,0,0,0,1780.5
8.954705397,4.608342185,0.995016976,0,0,0,0,1781
8.872726589,4.644239272,1.284617557,0,0,0,0,1781.5
9.431809713,4.79697739,1.528076148,0,0,0,0,1782
9.213158337,4.972899059,1.818467995,0,0,0,0,1782.5
9.326540349,5.050405709,2.007027902,0,0,0,0,1783
9.337881234,5.354079378,2.204574728,0,0,0,0,1783.5
9.642708976,5.348203743,2.505553184,0,0,0,0,1784
9.790917244,5.634196986,2.382616009,0,0,0,0,1784.5
9.749455598,5.199326098,2.98204223,0,0,0,0,1785
9.838056581,5.191972926,3.304289345,0,0,0,0,1785.5
9.920799473,5.810042447,3.247476781,0,0,0,0,1786
9.990402676,5.711772204,3.551934129,0,0,0,0,1786.5
10.04821153,5.660583125,3.790424238,0,0,0,0,1787
10.03459216,5.955946779,3.904409865,0,0,0,0,1787.5
10.21575412,6.265323507,4.143393115,0,0,0,0,1788
10.15173059,5.857043522,4.598582513,0,0,0,0,1788.5
10.08780754,6.189228572,4.736147074,0,0,0,0,1789
10.07765401,6.07868804,4.769692153,0,0,0,0,1789.5
9.948590248,6.42738475,4.9872348,0,0,0,0,1790
10.25227562,6.619389071,5.180320562,0,0,0,0,1790.5
9.945320781,6.489947263,5.354670824,0,0,0,0,1791
10.2486079,6.581889385,5.471219439,0,0,0,0,1791.5
10.08225221,6.652739065,5.784606646,0,0,0,0,1792
10.10285959,6.654236825,5.828777879,0.578971764,0,0,0,1792.5
10.19407191,6.877000619,5.965188804,1.137578646,0,0,0,1793
10.21509495,6.717021119,6.272776,1.453909021,0,0,0,1793.5
9.752204746,6.859125668,6.420583174,2.210020311,0,0,0,1794
9.948211775,6.770690762,6.585579908,2.368287317,0,0,0,1794.5
9.841875315,7.013632852,6.689732886,2.80484917,0,0,0,1795
9.67660783,7.205807168,6.925095589,3.395039274,0,0,0,1795.5
9.68869075,6.85249873,6.953504375,3.77034293,0,0,0,1796
9.733014109,7.115072344,7.398349357,4.308492531,0,0,0,1796.5
9.457430131,7.15890246,7.073898494,4.732183737,0,0,0,1797
9.377182301,7.122457576,7.379044336,5.137597018,0,0,0,1797.5
9.468603103,7.344367288,7.362842858,5.561405498,0,0,0,1798
9.297320304,7.119231997,7.511802032,6.12304924,0,0,0,1798.5
9.394334433,7.326705789,7.719906514,6.325008121,0.035941313,0,0,1799
9.083562413,7.295880737,7.806080419,6.933346148,0.323484664,0,0,1799.5
8.935115752,7.406363987,8.010887325,7.324042386,0.722795688,0,0,1800
