0.0002486283467924678,800
0.00017311849097366414,800.5
0.00023106475893654933,801
0.0001811160652968818,801.5
0.00021614265383787995,802
0.00026411979624754804,802.5
0.00021791641720168828,803
0.00013867572673102228,803.5
0.0002675265616712018,804
0.0001572360651885433,804.5
8.35675148180574e-05,805
0.0001411590234633629,805.5
0.00017749890103387365,806
0.00020322379661894953,806.5
0.00014843117532688563,807
0.00024214367245504215,807.5
0.00013584862308179568,808
0.0002054711767205286,808.5
0.00025636320927056535,809
0.00023740903736331752,809.5
0.0001808086346536897,810
0.00015881673907879677,810.5
0.00017108804492233447,811
0.00011049738751915538,811.5
0.00014693057754640342,812
0.00010919816431404186,812.5
0.00013386796403755996,813
0.00020075361957974712,813.5
0.00018380540677088053,814
0.00013884968282896798,814.5
0.00018708337052030907,815
0.00022678364290727463,815.5
0.00023202459996016757,816
0.00026775800639693636,816.5
0.0002390307204591091,817
0.000211352831600963,817.5
0.0001545733036109277,818
0.00018518362823969546,818.5
0.00023240615731041228,819
0.00029445922182308205,819.5
0.0002648893961066733,820
0.00016923179320942072,820.5
9.784053403114609e-05,821
0.0002144655101074972,821.5
0.0001776237341430482,822
0.0003214838189816959,822.5
0.00022419524754661141,823
0.00020405112683022752,823.5
0.00023640587174525183,824
0.00027262285293452247,824.5
0.00025299834232826447,825
0.0002300480952897229,825.5
0.00023673614700907468,826
0.0001681422486520747,826.5
0.00020274131998653913,827
0.00018597907105453277,827.5
0.0001724710881447223,828
0.00010419138411692858,828.5
0.00020461034615215117,829
0.00017704826077187004,829.5
0.00017301431008239843,830
0.00016851112355319544,830.5
0.00010179261802718077,831
0.00022817514375898874,831.5
0.00022021075605534225,832
0.00016321724262799902,832.5
0.00011483855071266487,833
0.00015227868511496204,833.5
0.0002589476723944662,834
0.00015574685764123368,834.5
0.0002453672230616045,835
0.00011674237010543724,835.5
0.00022675608632727307,836
0.00021301488124125407,836.5
0.00019067078464263295,837
0.0002419462350908028,837.5
0.00023405082575214897,838
0.00023379946919787925,838.5
0.00019934098651874606,839
0.00033445695877883395,839.5
0.00045465018611490405,840
0.00033923573933182906,840.5
0.00028871625721014457,841
0.00033646040522598895,841.5
0.00034062055886863787,842
0.00019610390548524672,842.5
0.0002791298072272231,843
0.0004195919477534861,843.5
0.0003563567391770374,844
0.00024814637971945616,844.5
0.0001862313415654822,845
0.00043619144380864825,845.5
0.0003140055014668946,846
0.00031053855898284836,846.5
0.0003250558505357385,847
0.00032940019112348714,847.5
0.00039396059564209224,848
0.00030188627043540304,848.5
0.00018150124705329412,849
0.0002520664681572603,849.5
0.00040173337575177473,850
0.00022327015403001855,850.5
0.00029333492467963036,851
0.0005522343273686286,851.5
0.0003203226640810278,852
0.0004583118774154921,852.5
0.0003506187850963291,853
0.00046544596857123,853.5
0.0002586905170871021,854
0.0004034333063426571,854.5
0.00035957376561124445,855
0.0002603529644282496,855.5
0.00040999309181371656,856
0.0004556073894737732,856.5
0.0003453106631758443,857
0.0003863522960412933,857.5
0.0003370125588880236,858
0.0002572232943486569,858.5
0.00035067080845823414,859
0.00032777506846073555,859.5
0.00040218844510257664,860
0.00036490928014467337,860.5
0.0003937865154535683,861
0.0003401112527789003,861.5
0.0002744744111531151,862
0.0002664229276113774,862.5
0.00023580940066669713,863
0.00018811598357126448,863.5
0.0003135872080990954,864
0.00021033865957742584,864.5
0.00014570876998130618,865
0.00014646961719174474,865.5
0.0001886597337481095,866
0.0002691845584677195,866.5
0.00027870179784739895,867
0.00017814977610635597,867.5
0.00018896429990318,868
7.556439770859849e-05,868.5
0.00010810894038434386,869
0.00015236111020206256,869.5
0.0001338288571804562,870
0.00022088682059106992,870.5
0.00012398995211785919,871
0.00013945079947996197,871.5
0.0001502777176521135,872
0.0003025763991589849,872.5
0.00014164092326789807,873
0.00012885428528743896,873.5
0.00013612658490613742,874
0.0001891913990725915,874.5
0.00020668645860111464,875
0.00016002354370380867,875.5
0.00011653749520262156,876
0.00011779934821677468,876.5
0.0001360912137486803,877
0.00021533639595670744,877.5
0.0001300829694911328,878
0.00011777894502090442,878.5
9.362965756482359e-05,879
0.00022640013498755897,879.5
0.0001915451154147945,880
0.0002461480218599866,880.5
0.00012981411504839064,881
4.570103715431555e-05,881.5
0.00010872638198580132,882
0.0001028002119088015,882.5
0.00018315187646618687,883
9.127555302888364e-05,883.5
0.00010503876418694592,884
0.00016782013917094818,884.5
8.889645191634645e-05,885
0.00014969521637443308,885.5
0.00012440975832213476,886
0.00012833314137040012,886.5
0.00022559252049232761,887
0.00013482964055059937,887.5
0.00013193112320459652,888
0.0001431088662382433,888.5
0.0002015328976752436,889
0.00020091137099909396,889.5
0.0001517367802741737,890
0.00014642252445788145,890.5
0.0001005891977471473,891
0.00019258288929320497,891.5
0.00016974272142770218,892
0.0002029708836207135,892.5
0.00024404085728466023,893
0.0002674171232566074,893.5
0.0002098774015120437,894
0.0001454242032565735,894.5
0.0002185614265923854,895
0.00014714946463945268,895.5
0.00014000334694649495,896
0.00018158296081460936,896.5
0.00026892094963779556,897
0.00014702050244213777,897.5
0.00015412612134593063,898
0.00019507730443277311,898.5
0.00015356514153266334,899
0.00027500017896508,899.5
0.00020071021756780247,900
0.0003092685541840976,900.5
0.00022352983505263076,901
0.00021953138987597376,901.5
0.00026565365664459555,902
0.00023806909439693714,902.5
0.00020155128095379978,903
0.00025838154391204926,903.5
0.00021163858428609783,904
0.0002654826162922236,904.5
0.0002507261567505414,905
0.00022062283982338818,905.5
0.0001930643158066735,906
0.00022607992542703406,906.5
0.00018434088289143058,907
0.00018909414856732983,907.5
0.0001560803050319646,908
0.00022365512939643412,908.5
0.00017018397811960315,909
0.00020737109685921689,909.5
0.00027006299989755874,910
0.00011049101689917067,910.5
0.0001599172931727314,911
0.00019759996655914334,911.5
0.0001262425699909878,912
0.0002373953626690447,912.5
0.00040764172827185654,913
0.00036209312485006737,913.5
0.00022562452914202873,914
0.00024406947873852161,914.5
0.00019882905491117305,915
0.00044639996267212723,915.5
0.00017796161799444538,916
0.00030107037629384056,916.5
0.00025350805838638394,917
0.00023609828725566198,917.5
0.00022976433155829664,918
0.0002973380294794065,918.5
0.00031504832580556244,919
0.00033869438486126016,919.5
0.00037511144589475056,920
0.0002771858202422395,920.5
0.00032393641869151064,921
0.0002486378797105586,921.5
0.00028206564986796295,922
0.00030129319760847754,922.5
0.00027154832498505003,923
0.00023103156577178368,923.5
0.0002851406298699621,924
0.00019310662370662085,924.5
0.00027799181347636337,925
0.0001754241374928329,925.5
0.00020982368777884485,926
0.00012164640149879563,926.5
0.00023966035728417002,927
0.00015565723700155493,927.5
0.00017683258497191732,928
0.0002091464153402727,928.5
0.0001050918303686419,929
0.0002715343664858001,929.5
0.00010404080361232523,930
0.00010462339657122737,930.5
0.00013141418949094458,931
0.00017440394762008107,931.5
0.0001509694065088837,932
0.00020885017741033678,932.5
0.00014743767713506557,933
0.0002199827783307151,933.5
0.0002219541118327792,934
0.00020022536812722434,934.5
0.00010195988274885301,935
0.0001801288504124116,935.5
0.0001589828592845951,936
0.0001582638607546959,936.5
0.0001255676061083996,937
0.00018937849421491422,937.5
0.00018623776583957062,938
0.00014942885222514186,938.5
0.00012858745343186792,939
0.0002204938407535257,939.5
0.00012349357734393188,940
0.00021319728778332718,940.5
0.0001412387646659492,941
0.00016408814957952778,941.5
0.00018474115827939172,942
0.00017477663086895142,942.5
0.00014348330400024725,943
0.0001438025664044412,943.5
9.920995531624586e-05,944
0.0002613204025350171,944.5
0.00014489663684839096,945
0.00016942928758237864,945.5
0.00014329338322038353,946
0.0001907673563617644,946.5
0.00017855329339679787,947
0.0001373945304377484,947.5
0.00010634570888957355,948
0.00023810707277639517,948.5
0.0001607638332099647,949
0.00018509884083208267,949.5
0.0002749936311674819,950
0.00012456405572157522,950.5
0.0001368911471302461,951
0.00025466704918594105,951.5
0.00024078906723276172,952
0.00026534542866278273,952.5
0.00023511000484312397,953
0.00020968631413812,953.5
0.000271493325031006,954
0.00024618817004676963,954.5
0.0001698415555943303,955
0.00016373453584124834,955.5
0.00022106372044514513,956
0.0003209892333319521,956.5
0.0003489710138818847,957
0.00030818510091100475,957.5
0.0002482919363589638,958
0.0003176519862538199,958.5
0.0002839597926979543,959
0.00018980511100211674,959.5
0.00028209915442596085,960
0.0001740042904722356,960.5
0.00021059832085893452,961
0.0002444707660601704,961.5
0.000153870896617232,962
0.00017021292862921648,962.5
0.00012926814163815377,963
0.00013762939980662052,963.5
0.00012979742307958842,964
0.00022931915599140772,964.5
0.00011263814001563068,965
0.00011715858534558262,965.5
0.0002991652302565727,966
0.0001269389828968114,966.5
0.00015060395345718088,967
0.00017118921759586445,967.5
0.00015192050515283102,968
0.0002023886409600696,968.5
0.0001251960740485576,969
0.00017891141658053848,969.5
0.0001082427629344191,970
0.00015634519368134162,970.5
0.0002134776181628406,971
0.00019823980784502363,971.5
0.00018128069486762527,972
0.00011282765143608128,972.5
0.000204616270405486,973
0.00020010431506484134,973.5
0.00015014066726011096,974
8.789586341423628e-05,974.5
0.00010888118705499793,975
0.00012440509406288973,975.5
0.00014728611214344473,976
0.00012252036438105955,976.5
0.00022734038827544926,977
0.0001481805459165091,977.5
0.0001649360236410127,978
0.00017694882637493334,978.5
6.038109640556047e-05,979
0.00012209671136601097,979.5
0.00013812942280051825,980
0.00017257233399907779,980.5
0.00012705477302171276,981
0.00016057358793337878,981.5
0.0001254089684349049,982
0.00013127339274618144,982.5
0.00014812779980466983,983
0.0002153436791304846,983.5
0.00016506412690984996,984
0.00010902975812635336,984.5
9.924386958826061e-05,985
8.003273260218777e-05,985.5
0.00015105203564414819,986
0.0001436721187249504,986.5
0.00015134244477722574,987
9.349517812917855e-05,987.5
0.00010285706968419847,988
0.0001239052317136128,988.5
7.453201517079237e-05,989
8.823218627803471e-05,989.5
0.0001226081207875358,990
0.00010345618074798821,990.5
0.00011128768933264471,991
8.378593631047171e-05,991.5
0.0001095017094566081,992
0.00016257977099418775,992.5
0.00017040391628418743,993
0.00010450849704276782,993.5
0.0001762375730358702,994
0.0001396605799410711,994.5
0.00019486917360023902,995
0.0001236380268755397,995.5
0.00011759558282615549,996
0.0001115436171771783,996.5
0.00014755802063708059,997
0.00018491972072070168,997.5
0.00012017486452180414,998
0.0001293905057692046,998.5
0.0001254536777126494,999
0.00011526134642802417,999.5
0.0001575459201703775,1000
0.0001896653996099136,1000.5
0.0001260235145826789,1001
0.00014235639170957952,1001.5
0.00018962453875598037,1002
0.00018874072660751272,1002.5
0.00018594730329148587,1003
0.00022262552846486568,1003.5
0.00010535567616661068,1004
0.00015960970920336472,1004.5
0.0001880539638582554,1005
0.00016566700778379594,1005.5
0.00012494393997255154,1006
0.00011992407001794519,1006.5
0.00012902952172957812,1007
0.0001514995541212134,1007.5
0.00010146776287106861,1008
0.00020715016382380865,1008.5
0.0001724323559885516,1009
0.00016489842787120585,1009.5
0.00010841596930502936,1010
0.00023188612837569814,1010.5
0.00021852506977356405,1011
0.00014299470444156608,1011.5
0.00016287042267711417,1012
0.00016791249225932468,1012.5
0.0001343891210505238,1013
0.00013701359660308308,1013.5
0.00010266224557568835,1014
9.330309025459813e-05,1014.5
0.00010843374381335723,1015
0.00015767413166094368,1015.5
0.00011280769146954675,1016
0.00015565516224913398,1016.5
0.00016955149616672881,1017
0.00016799577016107382,1017.5
0.0001332875945165805,1018
0.00015384912743338411,1018.5
0.00015357455495611664,1019
9.972337442182668e-05,1019.5
0.00012221480835373708,1020
0.00012352881324511586,1020.5
0.00013624819635170082,1021
0.00010090895922523473,1021.5
0.0001620022820726003,1022
0.00016083523910580502,1022.5
0.00017385994022964962,1023
0.0001145386181770435,1023.5
6.24366934396593e-05,1024
0.00020734222082459579,1024.5
9.916749479056938e-05,1025
0.00012518910502325054,1025.5
0.00014538105588602057,1026
0.00010215578657102229,1026.5
9.885078632354957e-05,1027
0.00012657634735331938,1027.5
7.974985198635515e-05,1028
0.00012181569552952838,1028.5
0.00010958130676297381,1029
9.956938374164052e-05,1029.5
0.00013941572197173063,1030
9.485916644185183e-05,1030.5
0.00018558206743322177,1031
0.0001767541548720866,1031.5
0.0001227746020099495,1032
0.00010782850954604238,1032.5
0.00016165937839858458,1033
9.597090209204248e-05,1033.5
0.00011520760613304127,1034
0.00012569985372224297,1034.5
0.00010688921472454278,1035
0.0001142916955377029,1035.5
0.00019662147575566204,1036
0.00010322335008019482,1036.5
0.00018802863221671076,1037
0.00011029795095818021,1037.5
0.00016497578868054588,1038
0.00013079651197099812,1038.5
0.00015781250668016656,1039
0.00013753120600440888,1039.5
8.32903020769756e-05,1040
0.00014602972847437037,1040.5
7.826315588541995e-05,1041
0.0001127090316070712,1041.5
0.00016798698868382867,1042
0.00012874012983299217,1042.5
0.000129322203465696,1043
0.00022768643074360704,1043.5
0.00016585494372267604,1044
9.031942446265773e-05,1044.5
0.00017950185469121804,1045
9.97582374318856e-05,1045.5
0.00014209679655050825,1046
0.00012374441784520103,1046.5
0.0001936993830618492,1047
0.0001717508835282301,1047.5
0.00013297452665381114,1048
0.00014980060559351014,1048.5
0.00013755163999982963,1049
0.00012627196307133626,1049.5
0.00011806628677981634,1050
0.00022024215787421812,1050.5
0.00015003655210547702,1051
0.00019014438539729576,1051.5
0.00023501435290943748,1052
0.0002838224850283711,1052.5
0.00019125846709730124,1053
0.0001424411516421131,1053.5
0.00015291994436791818,1054
0.00018458475489803742,1054.5
0.0002183780406031276,1055
0.00020706775554436794,1055.5
0.00023882893602349627,1056
0.00021856187721338988,1056.5
0.00016389648148999993,1057
0.00015405700611722175,1057.5
0.00016308247573897677,1058
0.00014503015273476875,1058.5
0.0002287702760004615,1059
0.0001515032928310677,1059.5
0.00016727904796426672,1060
0.00015834938046477474,1060.5
0.00016902709890050306,1061
0.00016640415759087355,1061.5
0.00018484799772680393,1062
0.00013483232150683568,1062.5
0.00013874553902336616,1063
0.00018110845808684052,1063.5
0.00014391803748175545,1064
9.784375362177656e-05,1064.5
0.00012693984080662792,1065
0.0001558677177002691,1065.5
0.00014756660412921534,1066
9.683951557076261e-05,1066.5
0.00011135000930187978,1067
0.0002208789441396489,1067.5
0.0001336927592975052,1068
0.0001773933274678022,1068.5
8.576535898175615e-05,1069
0.00017167883096860394,1069.5
0.00010623542388816668,1070
9.519319200387545e-05,1070.5
0.00010759748062364725,1071
0.0001133983021416107,1071.5
0.00013576183128810772,1072
0.00015944147857701013,1072.5
7.671873266951003e-05,1073
0.00011924238060349748,1073.5
0.00012235903300061588,1074
0.00013927850191551875,1074.5
0.00015104824862190142,1075
0.00017416846843051531,1075.5
0.0001919968983204098,1076
0.00012497353510569864,1076.5
9.718598945356993e-05,1077
0.00013131658737279962,1077.5
0.00020180062968655022,1078
0.00012994393775587126,1078.5
0.00011576932433538384,1079
0.0001345708198712486,1079.5
0.00016185879873019507,1080
0.00010524458844306071,1080.5
0.00011173521939532646,1081
0.00013262580216960425,1081.5
0.00014648174189875796,1082
0.00012577748526960563,1082.5
0.00015132580794422469,1083
0.00016184863972699227,1083.5
0.00011642133967852415,1084
0.00018947875517226115,1084.5
0.00013600601235616192,1085
0.00010428708905610152,1085.5
0.00013745646970190914,1086
0.00011423942589675564,1086.5
0.00011050674719895407,1087
0.00011469317510993668,1087.5
7.893320399640398e-05,1088
9.430363682169891e-05,1088.5
9.108616747887505e-05,1089
0.0001439487260842277,1089.5
7.208732738215755e-05,1090
0.00012579993305396236,1090.5
0.00016342797785977227,1091
6.792707224229333e-05,1091.5
0.00016608419662309177,1092
0.0001865524817650635,1092.5
0.0001207156989550064,1093
8.724170261753359e-05,1093.5
0.00017471057251767767,1094
0.00010041219270536894,1094.5
0.0001492350696167026,1095
0.0001333894055746198,1095.5
0.00024110055119808317,1096
6.391075754746961e-05,1096.5
0.0001303214622983765,1097
0.00016353728208465962,1097.5
0.00015222152850182736,1098
0.00012472822026677905,1098.5
8.411684618509262e-05,1099
0.00011802995276218924,1099.5
0.0001643479372486326,1100
0.0001210452170274611,1100.5
0.00015696937677786246,1101
0.00012494765410682026,1101.5
0.0001289814480551687,1102
0.00011523935910575629,1102.5
0.00018596358236725802,1103
0.0001528541409387074,1103.5
9.501735061305316e-05,1104
0.00011389835148943309,1104.5
0.0001646619451182797,1105
8.239682826931991e-05,1105.5
0.00018223949674395698,1106
0.00015887923092085563,1106.5
0.0001502263116859615,1107
0.00017157093252319068,1107.5
0.00013289473623043688,1108
0.00010656916230224469,1108.5
0.00013877119030901016,1109
0.00012095449600991803,1109.5
0.00012113825452759425,1110
0.00015318050695606536,1110.5
0.00015073357052848907,1111
0.00012910001270543506,1111.5
0.0001747048338199713,1112
0.00011062040311609528,1112.5
0.00012021838329377283,1113
0.00012811020467648715,1113.5
0.0001498333653979455,1114
0.0001344255586993723,1114.5
7.504283029894253e-05,1115
0.00012180569182915041,1115.5
0.00021160898661463492,1116
9.213643087980659e-05,1116.5
9.921284117837978e-05,1117
0.00019173955551113884,1117.5
0.00010560012450772511,1118
0.0001236876035506942,1118.5
0.00012818986856593306,1119
0.00014342036023440956,1119.5
0.00017525528226312086,1120
0.00012741368054213054,1120.5
0.00012905264967706664,1121
0.0001753931800887316,1121.5
0.00010306978649441221,1122
8.860655231487962e-05,1122.5
0.0001337550137344053,1123
0.00014216754453848696,1123.5
0.00015211819223228385,1124
0.00013410761619885958,1124.5
8.330700304692227e-05,1125
0.0001670471310178926,1125.5
0.00013206625772065454,1126
0.00011460154758932308,1126.5
0.0001065653809983851,1127
0.0001362239497805585,1127.5
0.0001803623542322587,1128
0.00020447038896352981,1128.5
0.00019017962453225483,1129
0.00014233774914170419,1129.5
0.00015099572191919333,1130
0.00011193363522922853,1130.5
0.00010967053347218282,1131
0.00011485199023644204,1131.5
0.00015164664246525726,1132
0.0001435086320388291,1132.5
0.00010566929689493054,1133
0.00011616999430190965,1133.5
0.00010846390375889157,1134
6.941921712077131e-05,1134.5
0.00011446960013175923,1135
0.00015708585481754762,1135.5
0.00011313480082241881,1136
0.0001564278288258018,1136.5
0.00012786709420106049,1137
0.00013471511835784128,1137.5
0.00013022388153593534,1138
0.00011563942340307913,1138.5
0.00018127615598595776,1139
0.00018267836197247478,1139.5
0.0001659567274437415,1140
0.0001813834416402639,1140.5
0.0002194506337744331,1141
0.00017554279795625638,1141.5
0.00020450894772797008,1142
0.00028993588451802773,1142.5
0.00018522474567214277,1143
0.00020217593117411651,1143.5
0.0001665712577124984,1144
0.00018009019615777502,1144.5
0.00023426138847682825,1145
0.0002844191137920459,1145.5
0.0002932002349473223,1146
0.00019092124245322434,1146.5
0.0002945499944869113,1147
0.00031813312155469416,1147.5
0.0002684612630154422,1148
0.00024175748214740265,1148.5
0.00025399450629136724,1149
0.00023175923741342014,1149.5
0.00029774196515179786,1150
0.0002720524546518571,1150.5
0.0003021060374892355,1151
0.00023983579551337234,1151.5
0.00026386596799884304,1152
0.0002810847698630454,1152.5
0.00026329582014050274,1153
0.00040490392883560855,1153.5
0.00039132187474139475,1154
0.0003498384323911527,1154.5
0.00026787102981871356,1155
0.00034393657374265,1155.5
0.00022465631826285658,1156
0.0002472788867943068,1156.5
0.00023801575838798336,1157
0.00039678569631274073,1157.5
0.0002977187444010196,1158
0.0002543683654851795,1158.5
0.0002436932455965487,1159
0.00017955834288580546,1159.5
0.0002262548601688345,1160
0.0001948881461210983,1160.5
0.0003349600030270606,1161
0.00024902547280273657,1161.5
0.0002844198992261673,1162
0.00018723590696793655,1162.5
0.00022088108908166056,1163
0.0001135970640790573,1163.5
0.0001665980632736867,1164
0.0001271588884893126,1164.5
0.00019860211748214772,1165
0.0001225010912414532,1165.5
0.00018345713550856426,1166
0.00016684913300897688,1166.5
0.0001283162360609123,1167
0.00013279993588688672,1167.5
0.00011563695631422664,1168
0.00012525076593342707,1168.5
0.0001036045511651022,1169
9.841836632666291e-05,1169.5
0.00017065352024012398,1170
0.00014454129087452576,1170.5
0.00011966827595142598,1171
0.0001629027665045093,1171.5
0.0001222120083209095,1172
0.00015825654297555773,1172.5
0.0001704539784365213,1173
0.00019066761245744042,1173.5
0.0002427239489756652,1174
0.0001302466271963423,1174.5
0.00020321257718158414,1175
9.71589123357298e-05,1175.5
0.00044808582154583595,1176
0.0005424199875972654,1176.5
0.00046802890542319085,1177
0.0002571609945385336,1177.5
0.00039561759105766285,1178
0.000951735259879532,1178.5
0.0008009406060193532,1179
0.001213087051216852,1179.5
0.0017251771663518252,1180
0.0005947573847637477,1180.5
0.002558076422896169,1181
0.0031693679659531597,1181.5
0.0022520859219334285,1182
0.002035575455137106,1182.5
0.0019359290863272998,1183
0.003201385400516774,1183.5
0.003420116567152377,1184
0.004197707214372995,1184.5
0.0028631952626608226,1185
0.0018708146366248287,1185.5
0.004750637081843678,1186
0.004400079136374367,1186.5
0.005530666858962137,1187
0.007358703419087811,1187.5
0.0013025023305877632,1188
0.005964741668067026,1188.5
0.0051312178522828975,1189
0.0073018067616417385,1189.5
0.005650670116673406,1190
0.0036592056497409,1190.5
0.005493953775167365,1191
0.005901395816764663,1191.5
0.0029869130464850128,1192
0.006234879883901378,1192.5
0.010036237713930196,1193
0.01356834285669877,1193.5
0.010252062599741919,1194
0.00744383604651282,1194.5
0.004795777820636771,1195
0.006781036793067444,1195.5
0.0052489871555197985,1196
0.0029191986236447084,1196.5
0.004507539556103998,1197
0.003654498748212434,1197.5
0.0039522861394417595,1198
0.009019094336389363,1198.5
0.0040570489975873016,1199
0.00167488358085741,1199.5
0.002344515346050008,1200
0.003508362530296781,1200.5
0.002098204754177707,1201
0.002268922978848563,1201.5
0.0027952894732646547,1202
0.0025541799920946752,1202.5
0.0025522215622905586,1203
0.00360582321284727,1203.5
0.0022994860697517615,1204
0.0019856567879548053,1204.5
0.0006291106221349392,1205
0.0026105908420751265,1205.5
0.002179811945006165,1206
0.0024610489303296653,1206.5
0.0009712393325705358,1207
0.00021323900312102516,1207.5
0.0003339554071088675,1208
0.0003194218215334117,1208.5
0.0002401273539788842,1209
0.0002410936162584554,1209.5
0.00024348420969425767,1210
0.00024410862888663744,1210.5
0.0003420203528743421,1211
0.00033301387682642755,1211.5
0.0003048709898927034,1212
0.0001600625907917055,1212.5
0.0003062085201658269,1213
0.00020905138133727626,1213.5
0.00021163068753785464,1214
0.0001725206884965964,1214.5
0.0002664660052336938,1215
0.0002557761303266546,1215.5
0.00013715972584534342,1216
0.0002208784246571451,1216.5
0.0002213002419256209,1217
0.00019859915916625173,1217.5
0.00010860156739142831,1218
0.00013571081315045952,1218.5
0.00015256536162048696,1219
0.0001849910133788419,1219.5
9.596511741529716e-05,1220
0.00023673352966357974,1220.5
0.0001035927934922445,1221
0.00012695851913956005,1221.5
0.0001511831695822852,1222
0.00016119597507749844,1222.5
0.00020108343341938208,1223
0.00016969701567877353,1223.5
0.00015240926367236638,1224
0.00010447757892407247,1224.5
0.00010321702350278556,1225
0.00014859713017604192,1225.5
0.0001264556361734436,1226
0.0001802567182175516,1226.5
0.00014780123699059122,1227
0.00017650000261359823,1227.5
0.00014184034279262372,1228
0.00015455896868736267,1228.5
0.00011703517239081081,1229
0.0002329775494183928,1229.5
0.00015768094388375492,1230
0.0002750488102115741,1230.5
0.0001723260328101766,1231
0.0001250784072016851,1231.5
0.00017669230674028264,1232
0.00013084916720161117,1232.5
0.0001341492745959238,1233
9.92489814648498e-05,1233.5
0.0001508959304954616,1234
0.00017160447732024597,1234.5
0.00016360753992211116,1235
0.0001666113491886748,1235.5
0.00019135325650266756,1236
0.00016675833131425119,1236.5
0.00013423086843162432,1237
0.0001169259475012872,1237.5
0.00017644096812693708,1238
0.00013003422326801446,1238.5
0.0001920644898604626,1239
0.00011195894504459816,1239.5
0.0002153688796834257,1240
0.00017081395207306342,1240.5
0.0001165732005931739,1241
0.0002458623092191031,1241.5
0.00014707277025968204,1242
0.0002160403333662006,1242.5
0.00016995332054057166,1243
0.0003390226527745481,1243.5
0.00015626505568739919,1244
0.0001358458747427286,1244.5
0.00010374761030130919,1245
0.00018698888060737488,1245.5
0.00024158668904899892,1246
0.00016481974817480192,1246.5
0.00017251858732843836,1247
0.00014686722978989598,1247.5
0.000125041953049652,1248
0.00014359042504592863,1248.5
0.00016504915752761764,1249
0.00018467751673665358,1249.5
0.00020315965249802296,1250
0.0002433317860901254,1250.5
0.00016760841311316588,1251
0.00022954663848293329,1251.5
0.00021244677227212465,1252
0.0001693418752198376,1252.5
0.00018592382611567468,1253
0.00022543811032076498,1253.5
0.00019993353561140767,1254
0.00018599661501964457,1254.5
0.0002296246889171477,1255
0.0002477008615024055,1255.5
0.0002210662991529532,1256
0.0001758573536559272,1256.5
0.0001362618822302446,1257
0.00018825973172683304,1257.5
0.0002456728919481318,1258
0.00018997724772088962,1258.5
0.00018938240971959547,1259
0.00021739486403144113,1259.5
0.00026754038128580114,1260
0.00018618889438620385,1260.5
0.00018283797219193802,1261
0.00025535485808117616,1261.5
0.00017392399451783257,1262
0.00028374276799650517,1262.5
0.0001738946957894975,1263
0.0001485558668896318,1263.5
0.000281895192657802,1264
0.0001537839259289832,1264.5
0.0002464413344253671,1265
0.00019668530174615583,1265.5
0.00017185393608653361,1266
0.00023943663918648495,1266.5
0.0002509293946579465,1267
0.00013450131026759726,1267.5
6.800501883332537e-05,1268
0.00017807155199483886,1268.5
0.0001735313879391526,1269
0.00010007529764209334,1269.5
0.00019951992779914087,1270
0.00020240811783344908,1270.5
0.00014860927924338583,1271
0.00014757212487624544,1271.5
0.00014729582126057593,1272
0.00015687956690700676,1272.5
0.0001744854023002995,1273
0.0001294140837770178,1273.5
7.612350465714343e-05,1274
0.00011609017598312271,1274.5
0.0001008828408768915,1275
0.0001862547693053401,1275.5
0.0001050607206557329,1276
0.00011042930866837733,1276.5
0.00010337243196542067,1277
0.00013387042320165971,1277.5
0.00014250659377763807,1278
0.00011608121377957795,1278.5
0.0001608412523733158,1279
0.00017630065018280712,1279.5
0.0001654591826005366,1280
0.00015523003108559427,1280.5
0.00016991598500898383,1281
0.00012188328120426548,1281.5
0.00019934279927166746,1282
0.00011336971424740726,1282.5
0.0001889808426482682,1283
0.00014368211047367314,1283.5
0.00017683042095838057,1284
0.00014819642280456994,1284.5
0.00016400264553335754,1285
0.0001518739017385184,1285.5
0.0001862236848190321,1286
0.00022975154535956815,1286.5
0.00020406670807456665,1287
0.00023907962625292024,1287.5
0.0003370992227448456,1288
0.0002452268715826479,1288.5
0.00015164156066506252,1289
0.0002528723675209419,1289.5
0.0003166730700268116,1290
0.0002857072049128691,1290.5
0.00040592015897218344,1291
0.0004256304336121913,1291.5
0.0003308039086885844,1292
0.0003351091030984195,1292.5
0.0004528801829108691,1293
0.00030068465622278174,1293.5
0.00042318806638338177,1294
0.0005334366184074147,1294.5
0.0006316997169789772,1295
0.00046648092644301293,1295.5
0.00041422898984389017,1296
0.00048097305912243356,1296.5
0.0006588134027849529,1297
0.0005521804612921594,1297.5
0.00034369349400141893,1298
0.00035222303991011393,1298.5
0.00040750853363899145,1299
0.00029566343390261316,1299.5
0.000269533710158614,1300
0.00018016231286404016,1300.5
0.000368903756442665,1301
0.0005195197399802189,1301.5
0.00026732214000738325,1302
0.00031433648671882753,1302.5
0.00022765532427592754,1303
0.0003151849646405698,1303.5
0.00023584985784008087,1304
0.00016046545630749864,1304.5
0.00015830567199701725,1305
0.00023628512251566922,1305.5
0.0001666507953688901,1306
0.0002893013869110791,1306.5
0.00027522501589293425,1307
0.00031848330480462625,1307.5
0.0002869964350444439,1308
0.0004066809994094083,1308.5
0.0003498867469542469,1309
0.00021106653433684218,1309.5
0.00036570884485891223,1310
0.0003132927715368679,1310.5
0.0005036702264450949,1311
0.00047299011241344954,1311.5
0.0002372305102496551,1312
0.00035929321818639707,1312.5
0.000323983756757704,1313
0.0003815385383023371,1313.5
0.0002867800695447801,1314
0.00023161573126377253,1314.5
0.0003295622675498354,1315
0.0003157633178466483,1315.5
0.0002811425129587898,1316
0.00033963880005944325,1316.5
0.0003465389872094101,1317
0.00032494605270475473,1317.5
0.00020692878389704466,1318
0.00024393521584454826,1318.5
0.00020016065390825535,1319
0.0003120418929800386,1319.5
0.00031348737288846234,1320
0.00026848002213102984,1320.5
0.00029824760126227724,1321
0.00025544886163830023,1321.5
0.00028097442406048635,1322
0.0003003059759909629,1322.5
0.0003397094632933621,1323
0.00037050126983061935,1323.5
0.00024165779837559035,1324
0.0003960787445349058,1324.5
0.0004245019618305094,1325
0.0005112816857166328,1325.5
0.00038221740829803624,1326
0.0003498148880276127,1326.5
0.00040676997247974264,1327
0.00045441866909005533,1327.5
0.00045445308856688316,1328
0.00039753323394249243,1328.5
0.00040160479186799686,1329
0.0004174546550098028,1329.5
0.00039069390096563116,1330
0.00023468529442997174,1330.5
0.00041324002286981194,1331
0.00036150827396181295,1331.5
0.0003479648147994178,1332
0.00031375779141715453,1332.5
0.000510378217394659,1333
0.0003305208041649948,1333.5
0.0004074858441679282,1334
0.000367437860460594,1334.5
0.00035154219291180485,1335
0.0005367831594889005,1335.5
0.0004541257724216895,1336
0.00031204456847808945,1336.5
0.0007758842863126525,1337
0.00033006384225491047,1337.5
0.0002426402903622855,1338
0.00036817860317269705,1338.5
0.00029836734970149016,1339
0.00032637358378457735,1339.5
0.0003551597423604756,1340
0.0004824865686871257,1340.5
0.00031982226037081447,1341
0.00023084116435127897,1341.5
0.00033864399758111306,1342
0.0001756657696428801,1342.5
0.00022578286491051712,1343
0.00033179464473793047,1343.5
0.000366333023875842,1344
0.00023949715936529388,1344.5
0.00015790832870528338,1345
0.00037988894412296594,1345.5
0.00039506513281601497,1346
0.0003777067336579563,1346.5
0.00016509805541431666,1347
0.0002356870430482042,1347.5
0.0003415190773097068,1348
0.001763158398549769,1348.5
0.00030329746251988617,1349
0.0002927174106905986,1349.5
0.0003919096622277664,1350
0.0005634256417626231,1350.5
0.00044281105445360063,1351
0.0004631878606720116,1351.5
0.0005190128822857702,1352
0.0009545219788612336,1352.5
0.00040822778083944767,1353
0.0007063050008881064,1353.5
0.0005108498739175821,1354
0.0008068630560379308,1354.5
0.0013195814894440007,1355
0.0007554331676828106,1355.5
0.0009004845833912556,1356
0.0007334564120182191,1356.5
0.0006166451247191875,1357
0.0005779278860479547,1357.5
0.0022275543287818083,1358
0.000866701068792836,1358.5
0.0009843435206604771,1359
0.001636674072721673,1359.5
0.0014985325078119512,1360
0.0010121984468616338,1360.5
0.0011328946305167072,1361
0.0027965939092249935,1361.5
0.0015341016729222873,1362
0.004285113779994286,1362.5
0.003277113891094905,1363
0.003009461829757416,1363.5
0.0028566583442637006,1364
0.0036035817106146585,1364.5
0.0009932421328689655,1365
0.0023021620780202257,1365.5
0.0024415285839713536,1366
0.0020822296573035828,1366.5
0.0018031299250408728,1367
0.001552775967008757,1367.5
0.001883284925451781,1368
0.0033031749109135207,1368.5
0.001742106174509078,1369
0.0015780523318453669,1369.5
0.002424652907005378,1370
0.001185370485571434,1370.5
0.0024034207709558043,1371
0.0021125882306722355,1371.5
0.0010095345961043903,1372
0.0009784737669580879,1372.5
0.0008892511451013799,1373
0.0005490845453094146,1373.5
0.0007011664632158153,1374
0.0006647147691363553,1374.5
0.0007314430998834516,1375
0.00112835708311336,1375.5
0.0009923050320561962,1376
0.0007236390971761884,1376.5
0.00040631791783440576,1377
0.0003945793424537646,1377.5
0.0007483026782712748,1378
0.0004948236930922329,1378.5
0.0008169254730065191,1379
0.0003808834909689873,1379.5
0.0005195986702792343,1380
0.0003439133496294299,1380.5
0.0002606915652645758,1381
0.00027191597689538356,1381.5
0.00038462143655149735,1382
0.0004162034808458764,1382.5
0.000340727953941759,1383
0.00022324466691742053,1383.5
0.00032032952427191245,1384
0.0003538331658474749,1384.5
0.00032323621998455143,1385
0.0002444562692988186,1385.5
0.0005645662367266857,1386
0.000295680637171941,1386.5
0.00024293117811070988,1387
0.0005315102271250898,1387.5
0.0005422259914330731,1388
0.00029142701397889435,1388.5
0.0002779922381412474,1389
0.0003950183542880705,1389.5
0.0003884265408201127,1390
0.00043407849363021777,1390.5
0.0003840818020961962,1391
0.00039343702341620404,1391.5
0.0002700694591171567,1392
0.000347088456246979,1392.5
0.0004039435146297828,1393
0.0004907190693380979,1393.5
0.00030701927389021884,1394
0.0004541384685400719,1394.5
0.0004226089693481568,1395
0.0004692529311195743,1395.5
0.0004241986850047152,1396
0.0004907722052297869,1396.5
0.0004364904225967869,1397
0.00039188109201694366,1397.5
0.0003276525374018967,1398
0.000444353804072969,1398.5
0.00035824750311887844,1399
0.0004357467342687674,1399.5
0.00042706054309380104,1400
0.00031985598897109465,1400.5
0.00032337718368239917,1401
0.00034710387976944726,1401.5
0.00039026274500577484,1402
0.0004242981196776082,1402.5
0.0004662333655863189,1403
0.0004228703532796714,1403.5
0.0005049754724486504,1404
0.000418162258192908,1404.5
0.0006162067379093902,1405
0.0005643124328124078,1405.5
0.00047313242341870447,1406
0.0008246714201927327,1406.5
0.0005970408243928927,1407
0.0005248376193743064,1407.5
0.000955602987606569,1408
0.0005839930192241082,1408.5
0.0008665514340429241,1409
0.0011797237320654184,1409.5
0.0016697624460100468,1410
0.0009034565194165663,1410.5
0.0010179685507147416,1411
0.0011845653887023052,1411.5
0.002003932370709527,1412
0.00268390517485456,1412.5
0.0015050386705363309,1413
0.0015168069329278941,1413.5
0.002515660286686493,1414
0.0014325102223447747,1414.5
0.0014146186838219568,1415
0.0033112658018618984,1415.5
0.0037451792612976566,1416
0.004503868537869713,1416.5
0.0048188121823222714,1417
0.0047658506665965205,1417.5
0.003532713109170338,1418
0.00415131924158288,1418.5
0.00713050799588309,1419
0.007223561078819496,1419.5
0.006884077244925232,1420
0.006034773777220503,1420.5
0.006733452822802717,1421
0.005959329683919858,1421.5
0.007618122518853198,1422
0.004796192450466235,1422.5
0.0050652067283135085,1423
0.004288062427835918,1423.5
0.0018455551589889757,1424
0.0014097138114051381,1424.5
0.0012293995390051955,1425
0.00046973355369855376,1425.5
0.0005465607074157821,1426
0.0003655162244356742,1426.5
0.0006051933869011843,1427
0.00022809476344353796,1427.5
0.00021667861649415872,1428
0.0003216996596234466,1428.5
0.0003376352082631706,1429
0.0003671942550605657,1429.5
0.00034667562662955517,1430
0.0004908417847400214,1430.5
0.00027769513129741495,1431
0.0005254741223650511,1431.5
0.00041436192197371035,1432
0.0006304715280444753,1432.5
0.0006876791861450802,1433
0.0008839677033888383,1433.5
0.0008765079088042893,1434
0.0012735505055404255,1434.5
0.0013636739710370736,1435
0.001382922110374313,1435.5
0.0013189315155255122,1436
0.0016789572759386407,1436.5
0.001082993667888169,1437
0.0018792390434868975,1437.5
0.001519084825793498,1438
0.0012731764775335164,1438.5
0.0015388737775782729,1439
0.0017059384404221139,1439.5
0.0011976389626256482,1440
0.0014041752552790524,1440.5
0.0010256424734119503,1441
0.0016190407164372279,1441.5
0.0012962639029147865,1442
0.0008830479640888052,1442.5
0.001066323180862608,1443
0.001343719953776462,1443.5
0.0018561830234108418,1444
0.0010277732713410998,1444.5
0.001173951279353128,1445
0.0013816705950660856,1445.5
0.0009654388816717928,1446
0.0006335835289165708,1446.5
0.0005984969027069291,1447
0.001089963672822409,1447.5
0.0007606221353735055,1448
0.0008474563681705494,1448.5
0.0008305345597617498,1449
0.0005060445832941711,1449.5
0.0005505950277908458,1450
0.0005807394653730401,1450.5
0.00046564666643611127,1451
0.000449645687571103,1451.5
0.0005084099925035263,1452
0.0004066648120558224,1452.5
0.0004085883210206701,1453
0.0003978981570726095,1453.5
0.00020803424154797065,1454
0.0002566009064433925,1454.5
0.00030434328938962576,1455
0.0003830028585002358,1455.5
0.0002474061647740543,1456
0.0004357415452959717,1456.5
0.00043750168575653204,1457
0.0004696075799661125,1457.5
0.000469020683258808,1458
0.0005581259354775631,1458.5
0.0003207866617411016,1459
0.00045425377653097163,1459.5
0.0003791293896298598,1460
0.00033238725344993385,1460.5
0.0003982794115041028,1461
0.000387015405148105,1461.5
0.0004996664099001622,1462
0.0004252949171105131,1462.5
0.0003883618487439848,1463
0.0005142709894136452,1463.5
0.0005271289721241382,1464
0.0005698523636329588,1464.5
0.0004549989032395327,1465
0.0005079260107064219,1465.5
0.0005082217953895781,1466
0.0006095084431877626,1466.5
0.00036834145714701035,1467
0.0004470461255511108,1467.5
0.00041102349675834317,1468
0.0004324963340702162,1468.5
0.000296183374546457,1469
0.00034425403692955783,1469.5
0.0004020896684765409,1470
0.0003244515367738034,1470.5
0.00040692665357549353,1471
0.0005538884471642269,1471.5
0.00040959222742441515,1472
0.0003281294489882456,1472.5
0.0003545515544014388,1473
0.0004806498277218987,1473.5
0.0003829911399030817,1474
0.0004337444227046697,1474.5
0.0003498528194384419,1475
0.00029640874989221805,1475.5
0.0007055596546012708,1476
0.0005785614588219613,1476.5
0.0004843692223701718,1477
0.00043451270065669517,1477.5
0.0003837989784185203,1478
0.0004237408875764541,1478.5
0.00034983461137546543,1479
0.0007855236179340981,1479.5
0.00046188221528206257,1480
0.0004967246886856621,1480.5
0.0006491777797160112,1481
0.0003334527380135963,1481.5
0.0006095645279384455,1482
0.0007825337608850673,1482.5
0.0005837503981994594,1483
0.0008406470952262121,1483.5
0.0005711646197311767,1484
0.0008029791770247335,1484.5
0.0005853850256804604,1485
0.0008079776891994072,1485.5
0.0006862832603401682,1486
0.0005426618775940829,1486.5
0.0006479065871425301,1487
0.0008742811147470325,1487.5
0.0005810331705575573,1488
0.0006217708729863726,1488.5
0.0012640580844061858,1489
0.0008269547752231636,1489.5
0.0007647934428614282,1490
0.0011380707402494105,1490.5
0.0007425550021666985,1491
0.0005820673323145496,1491.5
0.0006399120648882251,1492
0.0007252876413877455,1492.5
0.0009785356334111824,1493
0.0005919632715799064,1493.5
0.0014310806092719052,1494
0.0006629855963885506,1494.5
0.0008832504407208952,1495
0.0014197300785818447,1495.5
0.0011455493594937447,1496
0.0024730298686528513,1496.5
0.001414833899678435,1497
0.0019269963364096723,1497.5
0.0025948159241249687,1498
0.002277973877028364,1498.5
0.0025266922829181794,1499
0.0014478583531680215,1499.5
0.002076559875610486,1500
0.0024874645053643302,1500.5
0.0032592902668054646,1501
0.002100053226033538,1501.5
0.002417516211831604,1502
0.0020202095783523506,1502.5
0.004393195163322563,1503
0.002395335644602037,1503.5
0.004197616773888372,1504
0.0037431396161791614,1504.5
0.00381151899873507,1505
0.0043220410053886275,1505.5
0.004341342904800137,1506
0.0057323182979384405,1506.5
0.006170042980941974,1507
0.0038852222502740435,1507.5
0.005176140817245394,1508
0.004455512584101912,1508.5
0.007455043549600546,1509
0.004612899822716449,1509.5
0.005683604524990155,1510
0.007463600275917399,1510.5
0.002662326567706536,1511
0.0038222208175764704,1511.5
0.0023012293105745497,1512
0.0038219522887635964,1512.5
0.005014381248355675,1513
0.00503374823536127,1513.5
0.004725742130975732,1514
0.0033063362810851634,1514.5
0.004519932843773022,1515
0.001594759778497582,1515.5
0.004867162277965551,1516
0.002931113316010943,1516.5
0.0032575825122218615,1517
0.0012660921454374086,1517.5
0.0013158383151318724,1518
0.0009902868916294631,1518.5
0.0006774643621499992,1519
0.0004910574605442816,1519.5
0.0004661364390081643,1520
0.0003499177243586539,1520.5
0.00032303996498054573,1521
0.0003257955772448265,1521.5
0.0003221213856472109,1522
0.0004403698749525323,1522.5
0.00038335273917679643,1523
0.0004112996465603532,1523.5
0.0003587218806377924,1524
0.00031490501227211874,1524.5
0.0005458927723146307,1525
0.000414504200752659,1525.5
0.0004446373075961071,1526
0.000682091524757136,1526.5
0.00038869312380323466,1527
0.0005705753563183564,1527.5
0.0005743880592520573,1528
0.0006893005418820946,1528.5
0.00045442656925976754,1529
0.000477930495553471,1529.5
0.0004077444026963465,1530
0.00044723287654226704,1530.5
0.0004933064754842413,1531
0.000342970401589308,1531.5
0.0003779828339968452,1532
0.0005122333910703742,1532.5
0.00026487374122830665,1533
0.0003474446741251868,1533.5
0.0004134866473957448,1534
0.0003994675837759914,1534.5
0.00047645795528990215,1535
0.0004035559895274829,1535.5
0.0005242546441290013,1536
0.00056700762123694,1536.5
0.0004221079380454354,1537
0.0003651974590954119,1537.5
0.00028817661830521157,1538
0.00036637021734189126,1538.5
0.00024762942880538033,1539
0.0002465144737622152,1539.5
0.00022597728436723252,1540
0.00010657723399220965,1540.5
0.00011069941539456566,1541
0.00017635794314469074,1541.5
0.00015051917336782148,1542
0.000166478209190322,1542.5
0.00018920448585544938,1543
0.00024380485727020401,1543.5
0.0001740454909630813,1544
0.00015126687823458998,1544.5
0.00013485680829689153,1545
0.0001765642808157466,1545.5
0.0001832290230571226,1546
0.00016779831953613614,1546.5
0.0002776280102245968,1547
0.00020307745210538088,1547.5
0.00017205152333823768,1548
0.00016352156532321174,1548.5
0.00020277779828501552,1549
0.0001460692369876722,1549.5
0.00025216813033176403,1550
0.0002625115649744417,1550.5
0.0003159328580547413,1551
0.00020767387724464413,1551.5
0.0002693183921494027,1552
0.00029767215886525815,1552.5
0.0002396819693944497,1553
0.00022768027013830413,1553.5
0.00022863221733208678,1554
0.00036334697495373386,1554.5
0.00022660122183432459,1555
0.00021756283634685576,1555.5
0.0003047171648315092,1556
0.00028700811093863035,1556.5
0.00024463950713871866,1557
0.00030006978903403275,1557.5
0.00022534031459992096,1558
0.0002603198495859649,1558.5
0.00025252347264778625,1559
0.000285340072788616,1559.5
0.00032794478292205915,1560
0.00032683575417336545,1560.5
0.0002652918818444297,1561
0.0002000501561309248,1561.5
0.0003053178704544882,1562
0.00030295383081112125,1562.5
0.00019291480743628187,1563
0.0003722134615020884,1563.5
0.0003815493360705073,1564
0.00016595364150675564,1564.5
0.0003140699143661226,1565
0.00023423639326273515,1565.5
0.00021391986485780882,1566
0.00018534247681572475,1566.5
0.00010406826441507322,1567
0.0002230867299834837,1567.5
0.00031958400506134293,1568
0.0002989011906532081,1568.5
0.0002518624031433979,1569
0.00021817215527841693,1569.5
0.00027088362921863756,1570
0.00023668514696758905,1570.5
0.00021411565902514218,1571
0.0002506385807404762,1571.5
0.0001553948403559435,1572
0.00029826734815994343,1572.5
0.00012106161790905514,1573
0.00029695075219409307,1573.5
0.00032606604292623984,1574
0.0001796884297508401,1574.5
0.0002354876590477957,1575
0.000212431056189786,1575.5
0.00023922754680684243,1576
0.00014460534716737733,1576.5
0.00022952812532749383,1577
0.00015809061723235675,1577.5
0.00019710460228029858,1578
0.00018281923798627457,1578.5
0.00020216495308857333,1579
0.00018151187945737236,1579.5
0.0001904159826005179,1580
0.0001319055903097496,1580.5
0.00015335721267632616,1581
0.0002459290385453871,1581.5
0.0001064255751374997,1582
0.0002056037190826172,1582.5
0.0001663624893729017,1583
0.00016850558937697637,1583.5
0.00016502858584158293,1584
0.00020759830844308837,1584.5
0.00012365080469167524,1585
0.00013335649426929864,1585.5
0.00016362845670146064,1586
0.00014886758583591687,1586.5
0.0002459168740577982,1587
0.00010447318803871031,1587.5
0.0001845614558117813,1588
0.00022639886629212974,1588.5
0.00015442740488557294,1589
0.0002642020655430031,1589.5
0.00014278411964570162,1590
9.157801101487426e-05,1590.5
0.00020079347101340853,1591
0.00027398492457124895,1591.5
0.0001486796627728108,1592
9.46494249775406e-05,1592.5
0.00014566249740046255,1593
0.00021970158514238628,1593.5
0.0001355628659668536,1594
0.0001449697002987844,1594.5
0.00015829062340337043,1595
9.919863351503025e-05,1595.5
0.0001594598875969241,1596
0.00013891531661496136,1596.5
7.66316079194947e-05,1597
0.00018497024700867064,1597.5
0.00011695902748738924,1598
9.828505488469194e-05,1598.5
0.0001216210107162485,1599
0.000164921346914426,1599.5
0.0001669909227125849,1600
0.00012015704600689072,1600.5
0.00016849509989496795,1601
0.0001702474199810701,1601.5
0.0001968669231182049,1602
0.00013036344058697487,1602.5
0.0001470063337465259,1603
0.00012804269144643147,1603.5
0.00012389840451835308,1604
0.00014790972368177422,1604.5
0.00012483107067047462,1605
9.075044987286923e-05,1605.5
0.0001493476643774593,1606
0.00013938314682644605,1606.5
0.00011282802666086211,1607
0.00015057348451283262,1607.5
7.4240713002444e-05,1608
0.00012240423741625463,1608.5
7.994357675822374e-05,1609
4.6790055743125784e-05,1609.5
0.0001668001020724683,1610
0.00014386251593710765,1610.5
9.699874511577956e-05,1611
0.00011036113358489902,1611.5
0.0001237293265672,1612
0.00016373845432589697,1612.5
8.572198022172756e-05,1613
0.00013739660944246085,1613.5
0.00013170167035802836,1614
0.00019078300899438502,1614.5
5.3971058560361796e-05,1615
0.00011634198722004156,1615.5
0.00013350651533611626,1616
0.00010087641892098472,1616.5
0.0001352716887100712,1617
0.0001878319006597307,1617.5
0.00010913049311932293,1618
0.0002015420789315564,1618.5
0.0001543609308833929,1619
0.00016320042944458553,1619.5
5.94375084574164e-05,1620
9.94961090780684e-05,1620.5
0.00012060056766589983,1621
0.00011066481000049697,1621.5
0.00013118364775858792,1622
0.000141879265582426,1622.5
0.0001832893870033556,1623
0.00014932181029324746,1623.5
0.00013841105903559202,1624
0.00011912273865681824,1624.5
0.00012543218991049185,1625
0.00013752541331377258,1625.5
0.0001175246907017257,1626
0.00013362879795195164,1626.5
0.00019980308237577569,1627
0.0001726917064436629,1627.5
0.00013150388616041964,1628
0.000169352989466274,1628.5
0.00016716176718431343,1629
0.000196173521021093,1629.5
0.00014096193980088498,1630
0.0001981359311716901,1630.5
0.00014699666586554907,1631
0.00013306350017765014,1631.5
0.00010275706754144111,1632
9.198946625192797e-05,1632.5
0.00014196260121742917,1633
7.248431049714103e-05,1633.5
0.00013213512679470906,1634
0.0001564613385392701,1634.5
7.2236476519074e-05,1635
9.979191103204282e-05,1635.5
0.0001644740677885725,1636
0.0001405730309182157,1636.5
0.00013980957981044091,1637
0.00010139074130466584,1637.5
0.0001496465384251784,1638
0.00010029115102145322,1638.5
0.00010764726735133945,1639
0.0001280125264792516,1639.5
9.230720618633658e-05,1640
6.569234834742802e-05,1640.5
6.802254997776305e-05,1641
9.144878047681177e-05,1641.5
0.00012069871986060299,1642
8.723335395004782e-05,1642.5
8.287578775053116e-05,1643
8.91613771999162e-05,1643.5
0.00013420939875865838,1644
0.00010203587235000307,1644.5
7.058804049992126e-05,1645
8.904195749658014e-05,1645.5
0.00015152759558193958,1646
0.00012571540120612202,1646.5
0.00013990585615253283,1647
0.00011614973697030595,1647.5
7.69190629180443e-05,1648
9.793003127513918e-05,1648.5
0.00012425614490659044,1649
8.567515632544216e-05,1649.5
3.378657423994138e-05,1650
8.104161530558918e-05,1650.5
0.00015754572895985963,1651
7.11802240580687e-05,1651.5
8.409402114045565e-05,1652
0.0001608791068264909,1652.5
9.893293161438779e-05,1653
0.00012846408458305476,1653.5
6.927578601559724e-05,1654
3.9332274669041135e-05,1654.5
7.666765839536129e-05,1655
0.0001273766043022226,1655.5
9.358158850926789e-05,1656
6.969343784502095e-05,1656.5
8.80766377705305e-05,1657
0.00015487879231838948,1657.5
8.333120733481848e-05,1658
8.388226048245763e-05,1658.5
0.00016035745241714216,1659
8.428855248441152e-05,1659.5
0.00015426552087790505,1660
0.00016476659457489984,1660.5
7.571330494338335e-05,1661
8.641636997193931e-05,1661.5
6.980707958983818e-05,1662
0.0001565005813399783,1662.5
0.00019846404848766603,1663
8.48751557545196e-05,1663.5
0.00011831655914258562,1664
4.268281938724016e-05,1664.5
0.00013970187463817604,1665
0.00011086888878286548,1665.5
0.00010304960043637232,1666
0.00011614434013585196,1666.5
7.501664214755121e-05,1667
8.339004681912586e-05,1667.5
9.022891298684603e-05,1668
7.87422943383377e-05,1668.5
0.0001409645345844224,1669
0.00010313118815937988,1669.5
9.44025702751636e-05,1670
7.613111623924309e-05,1670.5
0.0001549118213250099,1671
0.00012037906225020807,1671.5
0.00021844372615349424,1672
9.048654170856504e-05,1672.5
7.080122630758772e-05,1673
0.00013162167738753176,1673.5
0.00019649943753452274,1674
0.00019289243662019704,1674.5
0.00012355742131510338,1675
0.00015691585869181786,1675.5
9.918726318443373e-05,1676
0.0001337898142477951,1676.5
4.677383340905016e-05,1677
0.00010343044483221307,1677.5
0.00015884221452849585,1678
8.521325178779057e-05,1678.5
8.042498747557237e-05,1679
0.00011565857959534574,1679.5
0.00014479587857161243,1680
7.50033436366931e-05,1680.5
0.00016784791670835085,1681
0.0001112513256321113,1681.5
5.4944557627949344e-05,1682
0.00012776012136226156,1682.5
0.00010699501864388442,1683
0.00010188984863409187,1683.5
0.00017637758738310027,1684
0.00013655002142892372,1684.5
7.862757733418768e-05,1685
8.258347214273128e-05,1685.5
4.480392184761731e-05,1686
9.639228958638929e-05,1686.5
7.141804372924307e-05,1687
0.00011821079974662685,1687.5
0.0001426927198105084,1688
0.00010579349183107087,1688.5
7.890215645298343e-05,1689
0.00015922055721016338,1689.5
0.00013007238611937127,1690
0.00010204496160664047,1690.5
0.00010420650112203554,1691
0.00010504163895602118,1691.5
8.786710529564872e-05,1692
0.00011093903585179903,1692.5
7.04305417836712e-05,1693
0.00011641857462091293,1693.5
8.102146825072862e-05,1694
0.00013854524599469408,1694.5
8.175231906725344e-05,1695
8.526888848104127e-05,1695.5
0.00010203940015504853,1696
0.00011590755012600816,1696.5
0.00010581340273220334,1697
0.00011309256847344396,1697.5
0.0001365108327158588,1698
9.477343580340055e-05,1698.5
8.417579279106798e-05,1699
5.472199822285981e-05,1699.5
9.754260944786545e-05,1700
9.10531691018187e-05,1700.5
0.00013826771466150155,1701
8.0723059543898e-05,1701.5
7.426084729945607e-05,1702
0.0001020403589344761,1702.5
4.0035083451266804e-05,1703
8.913209891171489e-05,1703.5
0.00012272085771706384,1704
8.41249925952326e-05,1704.5
0.00010300711572590963,1705
0.00014905562078985235,1705.5
0.00010461200092165753,1706
0.000170703009217612,1706.5
0.00012154560013065748,1707
0.00012756476264617184,1707.5
9.601056880218292e-05,1708
8.108508123991758e-05,1708.5
9.576423855241731e-05,1709
8.243590494290401e-05,1709.5
0.00013880584224653728,1710
9.636970703630447e-05,1710.5
7.19758375211747e-05,1711
5.299452972426248e-05,1711.5
0.0001336057809594606,1712
7.271114203472307e-05,1712.5
0.00020382448584586844,1713
8.714385086243094e-05,1713.5
0.0001426198250975876,1714
0.00011193919655974138,1714.5
9.178387229013209e-05,1715
0.00011141246941536531,1715.5
0.0001497992935437087,1716
6.531698552081193e-05,1716.5
7.901290170180438e-05,1717
0.0001230099903824914,1717.5
8.575443409444284e-05,1718
0.00015317161528029128,1718.5
0.00012309550362706135,1719
8.451672076760489e-05,1719.5
0.0001668202447603398,1720
0.00010138024475056448,1720.5
0.00016373976510736612,1721
0.00010282283999174024,1721.5
7.788653725510684e-05,1722
6.91970834478001e-05,1722.5
0.0001525850115217565,1723
0.00012606454032744325,1723.5
7.68127169797468e-05,1724
0.00016048050041894576,1724.5
0.000238371894604591,1725
0.00013831065519706644,1725.5
7.94916065440751e-05,1726
0.00015736180594026934,1726.5
9.70167613925613e-05,1727
0.00022231676460668522,1727.5
0.00011392048286920921,1728
6.29909904192636e-05,1728.5
8.717038756599885e-05,1729
0.00010596895623991635,1729.5
0.00011837297707647822,1730
7.920944084209649e-05,1730.5
8.49716648015988e-05,1731
7.229368543060623e-05,1731.5
9.937741087517082e-05,1732
0.00014702647255091991,1732.5
6.884118777047228e-05,1733
7.996697880366294e-05,1733.5
0.00010906839489514318,1734
0.00012091693689070612,1734.5
0.00010259750248254767,1735
0.00010060721640148897,1735.5
0.00013813890917656514,1736
0.0001640733397304418,1736.5
0.00010064699144028848,1737
0.00015495738998886287,1737.5
0.00010306757932818984,1738
9.548472956706416e-05,1738.5
0.0002321671442572216,1739
0.00014424336838010925,1739.5
0.00010737446568792143,1740
0.00013427661258554873,1740.5
0.000126028103037173,1741
0.00011133699001343677,1741.5
0.00011641269579902358,1742
8.427704077066883e-05,1742.5
0.0001219706450948543,1743
0.00014543659015580932,1743.5
0.00010270607935365214,1744
0.00011690956589396716,1744.5
9.892506357914922e-05,1745
0.0001203178302991287,1745.5
0.00010748780277873923,1746
0.0001520708860528229,1746.5
0.00012883813314383124,1747
0.00010195897491328578,1747.5
9.275313089861174e-05,1748
0.00013787202447367283,1748.5
0.0001241596154747401,1749
0.00013822739058944486,1749.5
0.000140150261159778,1750
0.00011053614423803483,1750.5
0.00014356050415589326,1751
7.467536508850871e-05,1751.5
0.0001350539155713459,1752
0.00012278828429608323,1752.5
0.0001303498352992181,1753
9.91154094735674e-05,1753.5
9.774099042483421e-05,1754
0.00011624872472981509,1754.5
6.105612992690526e-05,1755
8.652487093125725e-05,1755.5
0.00011301583653933111,1756
0.00010079569212726923,1756.5
6.848836576813366e-05,1757
0.00013421698830985238,1757.5
8.536102891583905e-05,1758
0.0001199187881615077,1758.5
8.242092466875771e-05,1759
0.00012516123394936296,1759.5
7.352675531156588e-05,1760
0.00010935059965726297,1760.5
0.00011268144160578438,1761
5.7161758140800725e-05,1761.5
0.0001281451336580539,1762
6.735838305995301e-05,1762.5
0.00010044474402348308,1763
4.558806709811821e-05,1763.5
6.33457313830241e-05,1764
0.00010110066223761135,1764.5
4.2200497994964245e-05,1765
5.726719553075445e-05,1765.5
0.00013918885342633326,1766
0.0001267337933503039,1766.5
7.30794715950565e-05,1767
7.618473206954737e-05,1767.5
9.81851363207885e-05,1768
0.00010298968016960027,1768.5
7.136477955456003e-05,1769
5.510655508687734e-05,1769.5
0.00010877580498472504,1770
9.95219902047443e-05,1770.5
0.00012938414274482713,1771
7.983687939086231e-05,1771.5
6.124135901935105e-05,1772
7.463299790658596e-05,1772.5
0.00010787056664548617,1773
9.144971662825744e-05,1773.5
5.551225951762818e-05,1774
5.111154082370208e-05,1774.5
9.701670477591063e-05,1775
5.4706923022105763e-05,1775.5
7.908599538215088e-05,1776
6.103913695362331e-05,1776.5
6.729298454069321e-05,1777
4.989302474736698e-05,1777.5
3.6742979289123766e-05,1778
5.091007755402775e-05,1778.5
7.987412588183099e-05,1779
6.178033856249393e-05,1779.5
7.270858113952325e-05,1780
8.1102757195999e-05,1780.5
5.868690087991528e-05,1781
2.890150920364683e-05,1781.5
1.817368521246692e-05,1782
8.035609367496756e-05,1782.5
0.00011634193544770449,1783
8.126965479882777e-05,1783.5
4.4073402656988504e-05,1784
5.606451794658011e-05,1784.5
4.339248295654617e-05,1785
3.578255909553593e-05,1785.5
7.517374962546177e-05,1786
4.994053157888407e-05,1786.5
4.979651446315838e-05,1787
9.558574387815233e-05,1787.5
6.204431982383363e-05,1788
3.975148329764399e-05,1788.5
9.085541804357798e-05,1789
6.472522372445837e-05,1789.5
9.160981158364443e-05,1790
5.6465729584490596e-05,1790.5
9.539971661224808e-05,1791
5.473357446161523e-05,1791.5
5.3363678367158945e-05,1792
9.377235423157746e-05,1792.5
7.668479774453727e-05,1793
4.5084495614845195e-05,1793.5
6.0081863513188366e-05,1794
5.769815873453655e-05,1794.5
0.00010613600381660171,1795
5.510846820208168e-05,1795.5
8.265895934446806e-05,1796
2.9942088479788043e-05,1796.5
3.892465799686323e-05,1797
5.812894227734712e-05,1797.5
7.474081696837365e-05,1798
8.418410608053455e-05,1798.5
8.124861839055551e-05,1799
6.30918744876631e-05,1799.5
7.272699964993043e-05,1800
