L2_1000,L2_35,L2_1,L2_0_030,L2_0_010,L2_0_005,L2_0_001,L1_1000,L1_35,L1_1,L1_0_030,L1_0_010,L1_0_005,L1_0_001,Feature
continuous,continuous,continuous,continuous,continuous,continuous,continuous,continuous,continuous,continuous,continuous,continuous,continuous,continuous,string
,,,,,,,,,,,,,,meta
1.2829927772277028,0.7517844563571235,0.0370679578829077,0.18549106356045167,0.15429713111171925,0.1271752637403222,0.06765424221445418,1.2647381359586438,1.137665161175976,0.2542619668116992,0.14733622669985502,0.04093394949363997,0.0,0.0,800cm
1.3565646941682403,0.9014451606151133,0.3882763101726518,0.10753637993872218,0.0865517509870708,0.07704291500277763,0.05192017970546986,1.3506306000365342,1.2232269294820486,0.3746552202781775,0.02618826329272309,0.016697744903853798,0.0,0.0,804cm
1.8970236410169208,1.24741378473119,0.5639279299193515,0.08725915924530202,0.030230503869308922,0.007736976052739504,0.016546235984790544,1.8816181355442267,1.6942836177545226,0.5252974608035724,0.0,0.0,0.0,0.0,808cm
0.6868349677314495,0.5565140196186129,0.40565948180553213,0.06384659745804203,0.02521473910333516,0.01666334419779609,0.015108364743303595,0.6833118091297674,0.6194651040148134,0.11634058687326858,0.0,0.0,0.0,0.0,812cm
0.8412471655980434,0.721318892629437,0.3601094885430677,0.007773809946791377,0.017729198289836514,0.024369591433358578,0.024277584959133822,0.8287023826947237,0.7800784282643548,0.17925994490239802,0.0,0.0,0.0,0.0,816cm
0.0059375952548089165,0.35331239775149675,0.4279157193300343,0.12638968858953414,0.08891414333801155,0.07469147218977386,0.04610694799497356,0.010945140839976804,0.07179687385612399,0.048556976686011624,0.10177823806784332,0.03863046318029048,0.0,0.0,820cm
0.5641068427935703,0.6706087565300345,0.41983950676293164,0.0013068962798653216,0.04192821005867478,0.04998092119690587,0.040100542958877834,0.5588087059773424,0.5588836429237606,0.16660072758662245,0.0,0.0,0.0,0.0,824cm
0.5187734504107451,0.6808651729331856,0.5165670278754235,0.16266196540793343,0.10301939180504453,0.0763908192901549,0.03701956656755669,0.5194532399364731,0.5294914724387266,0.26598198199053574,0.03696093706336413,0.0,0.0,0.0,828cm
1.319580313578006,0.9707792457900463,0.3246122357161912,0.02797140163402359,0.0067550607566743475,0.00044815339144835774,0.007784772735085486,1.301868456343325,1.1875183355982524,0.3190308410325763,0.0,0.0,0.0,0.0,832cm
0.7241591772506628,0.39649879774661256,0.0010869514022250788,0.07513588744882532,0.06395539961709575,0.049191524291916595,0.01528612781675149,0.7121172362727054,0.6007488743108408,0.04225948340887638,0.0,0.0,0.0,0.0,836cm
1.687776977732569,0.9180162757775155,0.24294606713842842,0.08231280095624112,0.051262430349123124,0.033059506550714414,0.007349526603844352,1.6559282824215484,1.4456361553926909,0.304973409189886,0.0,0.0,0.0,0.0,840cm
0.11521397318993913,0.14759813842841546,0.05902149647287903,0.0009183178273513143,0.018480395617439287,0.02112888289587368,0.01406926266696212,0.1295891655357579,0.16384864989497416,0.24268007326692143,0.0,0.0,0.0,0.0,844cm
1.3877726167001645,0.7737304869376448,0.11983534433748826,0.07307529042170642,0.05132438873439055,0.03775912863751084,0.015948133551800102,1.3544506025438392,1.1915414329398015,0.2062480089211193,0.0,0.0,0.0,0.0,848cm
0.451938263087553,0.2763201719000037,0.15969640920955402,0.061093941389288114,0.04316228780323906,0.03287541234581663,0.014832343999604494,0.4539170394002054,0.40096386099778103,0.027045164711668946,0.0,0.0,0.0,0.0,852cm
0.6384093395407329,0.3428439916970792,0.012183409462426596,0.06957933162254791,0.05320404091889403,0.042536160607140806,0.0222062323131427,0.634373649046836,0.5631726372104129,0.08291031123199351,0.05278937788706986,0.0,0.0,0.0,856cm
1.0672649267617518,0.6641013288573306,0.09037195262824614,0.05515319765259538,0.045807081519416766,0.03785091972217761,0.021171254364696582,1.051541537887965,0.951355393969726,0.27166871229641787,0.03420868377848323,0.0,0.0,0.0,860cm
0.17175316227438386,0.22292311193189818,0.02850948276191545,0.007780558818774728,0.01607024907481951,0.018085832693587225,0.015465377963489516,0.179724872299551,0.18291062158270044,0.000843774035917128,0.0,0.0,0.0,0.0,864cm
0.4984304635676739,0.404391348073853,0.034132208974727525,0.029843089445796552,0.02041611247309744,0.01857071162713833,0.014830839610464011,0.49417225042849444,0.4837212160605129,0.10129845750345152,0.0,0.0,0.0,0.0,868cm
0.7136223339146389,0.3306841735492765,0.19700884791506176,0.005708075956400639,0.012160969972161147,0.011312962010383266,0.00855138481499186,0.6961392034263632,0.579582497255963,0.18843576545295943,0.0,0.0,0.0,0.0,872cm
0.20919908440687351,0.06573179043563399,0.17892400704383996,0.03469523821606726,0.015698796065596137,0.008540606850472532,0.001973050153951836,0.20215025574734274,0.15312870161602782,0.0,0.0,0.0,0.0,0.0,876cm
0.9442599963290905,0.49821297777410845,0.26847625013767307,0.04075124166312613,0.009900913425034893,0.0026603795661187465,0.0007840412150968831,0.9198426461583581,0.8146510604617917,0.26832046720251473,0.0,0.0,0.0,0.0,880cm
1.2717891180715248,0.7369488844606114,0.010075082902385107,0.03389544384883758,0.007096261260095172,0.0009292307038887707,0.0011676973814213007,1.2641222079913426,1.1282241676615514,0.24345023699186336,0.0,0.0,0.0,0.0,884cm
0.893311852933678,0.4043487168704809,0.08471064377792709,0.07467123546901863,0.03919066058201144,0.02209923266513701,0.0011435477187356428,0.8852835622962756,0.7464579114415888,0.023778420611525745,0.0,0.0,0.0,0.0,888cm
1.977932831713627,1.065335334489554,0.1940673924138741,0.026301516650936333,0.039510443895100646,0.040274313743345655,0.031191806153048444,1.9544167991690709,1.6987893046195346,0.292595302067602,0.0,0.0,0.0,0.0,892cm
0.8977272757651343,0.6013256670078654,0.4166674226479274,0.21185533923889427,0.13983111351401387,0.10624715325875347,0.05555869160562641,0.8988362767100371,0.7775605779999532,0.20657003368437485,0.1300983983990747,0.020576102639168762,0.0,0.0,896cm
1.2723755342675909,0.7220166343435159,0.18880290293919008,0.03578532021867717,0.05185918304283809,0.05211814208816415,0.042239858919567996,1.2521594421212079,1.0852813731639952,0.2767363612003528,0.0,0.014772694648019988,0.0,0.0,900cm
0.7769034379865144,0.5661361883428891,0.25469268971157716,0.07460616721184024,0.023924997342639986,0.0004672427693528697,0.030050673556049946,0.7758373805936264,0.7351483448737189,0.2687739350104459,0.0,0.0,0.0,0.0,904cm
0.4724348113135775,0.4856005678243703,0.31573757582534445,0.08703132891796324,0.05068618313872545,0.0443694966837544,0.04369085276328024,0.4888314797450238,0.4941601416096794,0.12213667034009935,0.01591954499246012,0.017208189358110228,0.0,0.0,908cm
2.7671478519522754,1.9386374985945156,0.5744917263172241,0.011705861267700639,0.02919223876258861,0.04144586796337581,0.04757013287575196,2.7489817321297845,2.5842281318920604,0.8790412925651757,0.0,0.0,0.0,0.0,912cm
0.8856874898815055,0.12167604239013687,0.1690882222555683,0.12423882167717698,0.10496022302644467,0.09181486591907653,0.06430502273226708,0.8538418260935745,0.6041608575642894,0.0,0.12266281902896292,0.08552000991012905,0.04823099233536814,0.0,916cm
0.2926386352687767,0.05022239155603202,0.10515378796457575,0.1160803237911263,0.0982127945921893,0.08708620964354118,0.061257682194668685,0.28047125364244385,0.11922424857652147,0.008343026622660829,0.05194570597847957,0.04752224127160435,0.021046932898086266,0.0,920cm
3.270041965288142,1.843591212667233,0.6595479463950852,0.06600925620321815,0.008653961262389105,0.033148104453036974,0.04567700795914274,3.224856979440573,2.8043006613164763,0.8776813599332984,0.0,0.0,0.0,0.0,924cm
1.066317967913692,0.544662889215239,0.4063510041812439,0.06864031134095881,0.04837270025183112,0.04633700002372881,0.042541142638081265,1.0495377498848422,0.8264436945739873,0.15497269076809267,0.044856285077332886,0.04258555236148205,0.043950154918692516,0.0,928cm
2.2006958810728543,1.2119243547787075,0.4052777339003362,0.06924758845841027,0.07149061803595282,0.06317505135148549,0.043512671078800066,2.150308132227719,1.8348091193005869,0.5734929518096723,0.08999713234757205,0.037969295237010536,0.0,0.0,932cm
0.47182965518217573,0.19470774023213247,0.20451605361424735,0.09523670233786696,0.07612695391744471,0.06315003342406605,0.03557712186834553,0.47388956004340527,0.4556950287228799,0.0,0.0,0.0,0.0,0.0,936cm
3.0192226928451635,1.9239496528117568,0.6437249861644277,0.09342982535934011,0.05173590976911945,0.034879713947391616,0.011025300430478894,2.97487613802762,2.6915999072790426,1.1065336061333064,0.0,0.0,0.0,0.0,940cm
0.6389653132954258,0.3618276879616751,0.01912513935154307,0.08190903428559031,0.09006020376298392,0.08101186383434097,0.04685410004370917,0.6287307358087441,0.5735874874325149,0.19383259792672955,0.03721622348065257,0.0,0.0,0.0,944cm
2.3767470722350295,1.4199935150953416,0.528019964315166,0.15120357605120854,0.09976254508881766,0.0808874082534981,0.04995180869595468,2.3330712272825105,2.094881573018529,0.8196344419824536,0.08492251920112702,0.03265299192353357,0.0,0.0,948cm
2.402701719434349,1.4849931247461823,0.27980884963477465,0.022503267947195656,0.03384117878265828,0.03862524361982283,0.035800362897679204,2.3835916183877446,2.1659445053597577,0.7646897913444974,0.0,0.0,0.0,0.0,952cm
1.1641942874291686,0.5808340322075902,0.14876463248084992,0.12433817904776248,0.10118031508488794,0.08302599295935072,0.047130382192261386,1.1295707754333077,0.9993759960162539,0.3073985644052728,0.1055813171782128,0.06583133132038746,0.0,0.0,956cm
3.0839029814332797,2.0004613170992123,0.7130459473743348,0.14975554377011288,0.08951188837632068,0.06705239615813395,0.03501656939315325,3.054551859035372,2.7850112354091836,1.1531127920315205,0.0,0.0,0.0,0.0,960cm
0.1350544783782004,0.1833941255554711,0.4100367975046694,0.21152110993336676,0.10144558827101172,0.053635608098916814,0.005189446697062846,0.1412282644049717,0.13651040273454423,0.24875047806521694,0.0,0.0,0.0,0.0,964cm
2.2004625383909384,1.2844446700306806,0.46889086622234355,0.17427127120516056,0.10230926860409693,0.06778265067951912,0.022233858693974796,2.160326450911378,1.933016204951886,0.7561253665755975,0.04331089454620329,0.0,0.0,0.0,968cm
1.8420488662713634,1.3180905624562145,0.6815452374705393,0.22922691374342238,0.12728594742399624,0.08121603882975455,0.0263660908512574,1.8378235613423344,1.7055615479086543,0.8313149859714267,0.0001877079653460274,0.0,0.0,0.0,972cm
0.7460210212815667,0.7052330771839028,0.667217894716103,0.28291081510700933,0.14531528257765813,0.08390559327599054,0.013626265810957713,0.7740012387368468,0.7372364361273583,0.490998861266315,0.0,0.0,0.0,0.0,976cm
3.1728602916059554,1.9939899717891956,0.6246804922823114,0.07210493692600946,0.02415423369724897,0.013575807221265564,0.007991321002901914,3.1540278749054904,2.8409583961903278,0.9235061488049233,0.0,0.0,0.0,0.0,980cm
0.03278469410398498,0.046255942122282435,0.2408798802156584,0.20484414007046378,0.12202960373990958,0.07704309163214584,0.020086450356764086,0.03590317893011827,0.0,0.31257837356898077,0.02857594786174954,0.0,0.0,0.0,984cm
1.7889910089834753,0.9285329648831758,0.015553257970202846,0.07393591195297841,0.037381880058495194,0.022141064411597584,0.010054147764812137,1.7510324615020718,1.541361644847208,0.2783516063452787,0.0,0.0,0.0,0.0,988cm
0.03489694000144863,0.10264482944551868,0.09721871012691627,0.054851028163944444,0.02887811995329763,0.014862231636596078,0.007399613331202328,0.024589588045015483,0.016417907496803892,0.1486083889996928,0.0,0.0,0.0,0.0,992cm
1.0807910637740124,0.5324401642337059,0.0753392934115268,0.12303207857364974,0.07251290483359284,0.04337945325990205,0.0038047423438162874,1.0568452577762644,0.9215402711942084,0.2511197158368375,0.0,0.0,0.0,0.0,996cm
2.169156333352996,1.4857350217441123,0.5740720068518671,0.022624053089732664,0.01867604679289227,0.029511473967008338,0.02917120772505994,2.1446229854932253,1.9826866079889154,0.843767649388453,0.0,0.0,0.0,0.0,1000cm
1.1892474157329305,1.0812730755588602,0.8086406769036196,0.26556931660525124,0.1596533146079572,0.11446934659294174,0.05291818838975333,1.1939410048987127,1.1571118133211395,0.750488666574308,0.10612283324084369,0.027443765324279834,0.0,0.0,1004cm
2.8199728572315457,1.9745132187491619,0.7303688664398935,0.030652341315075313,0.024795531428496664,0.03561446035296477,0.03100045282254258,2.792433523876215,2.588293157887062,1.1015927488579862,0.0,0.0,0.0,0.0,1008cm
0.7151033730691254,0.16170913180006458,0.0499537857134084,0.056296946052123174,0.031991439353357555,0.014975669254540006,0.007283173319460684,0.6804951644876313,0.54791540261678,0.048183402972343824,0.0,0.0,0.0,0.0,1012cm
1.5802372041567703,1.1321657300681445,0.2905920420264773,0.016101192689515632,0.017488973461610775,0.012878076881100703,0.0011715603689776222,1.5822969488855858,1.4772037870170873,0.6681343821537092,0.0,0.0,0.0,0.0,1016cm
1.6996379654897176,0.8011408125051785,0.09042699516438683,0.00021648288009263496,0.00014348782196652623,0.0010451298234897567,0.00036987084428605514,1.6458569922623556,1.4317694983620628,0.2905794761387938,0.0,0.0,0.0,0.0,1020cm
0.9905707484142965,0.8489229242104376,0.24220766986700892,0.003578144371028568,0.010035607595125173,0.009109763149469936,0.0020551522550809106,1.0031504257737107,0.9774226932507565,0.5260222996263627,0.0,0.0,0.0,0.0,1024cm
1.0054140716655469,0.33883010913895734,0.034985671351921474,0.02978473237936126,0.02378951496083726,0.019021396083461733,0.005111686887375787,0.956643767044738,0.7963693643944392,0.1179811960287818,0.0,0.0,0.0,0.0,1028cm
2.265002499384918,1.4712995443124401,0.3746107086053103,0.015549208119341493,0.00869905034083679,0.006138820810335534,0.002540789930353407,2.2403581021060073,2.048824710455465,0.7431430705647548,0.0,0.0,0.0,0.0,1032cm
0.9949425510151778,0.5826735040358475,0.15607562647408868,0.07090282484374054,0.046705696484505545,0.03221075305794231,0.007217612383630144,0.982179817520918,0.8973302988869976,0.4162187730407976,0.0,0.0,0.0,0.0,1036cm
2.2911386714440876,1.3410486684425578,0.32503749768609563,0.008207351708054643,0.00428642463406587,0.009341435314393546,0.013079027223482859,2.249828480932698,1.9987445324145685,0.5930432334988666,0.0,0.0,0.0,0.0,1040cm
0.29225577081378706,0.06915606465301079,0.21116061508027759,0.13162371134420453,0.10165087271063583,0.08496640752221497,0.047699761046800154,0.2755370094086516,0.254051347474734,0.0,0.08267242602502677,0.019166170351507736,0.0,0.0,1044cm
2.3143514524127564,1.5529762715672812,0.502858176578541,0.01410064187634985,0.048714270759433916,0.051357094774624384,0.034469027603494976,2.2847201993073805,2.094590203653841,0.9034014714853396,0.0,0.0,0.0,0.0,1048cm
1.070392505064316,0.3920393154540497,0.17551914763349896,0.05119660835801075,0.017779897341855307,0.007688237679479204,0.003205449243776547,1.043264113102974,0.8844783905969497,0.0,0.0,0.0,0.0,0.0,1052cm
1.399385863885654,0.9961402574685413,0.4241890233909791,0.09005706644701468,0.06150421961059716,0.045180805013690345,0.014025733874404546,1.3714051411604102,1.2717135566453923,0.7410639099988414,0.0,0.0,0.0,0.0,1056cm
2.312808613360637,1.3456499350121316,0.2375356613243256,0.059366999520447626,0.03269854478187004,0.01945039256242863,0.0032604234623506796,2.287683746021869,2.070376611873051,0.5019164510142584,0.0,0.0,0.0,0.0,1060cm
0.48450017058594286,0.37818921356724927,0.2129642765010229,0.1409202637718569,0.09830588231541551,0.07309505253540503,0.02881834641901118,0.5022061382993807,0.476224149722789,0.022069499178906493,0.05256350284981007,0.0,0.0,0.0,1064cm
2.4485176539537283,1.496602922761656,0.3064781540967855,0.08596306072947277,0.07278649050010395,0.058019425791850494,0.025776769002063122,2.4217293406712144,2.177431488325137,0.5044231352360498,0.0,0.0,0.0,0.0,1068cm
0.3944487440133092,0.2786616293522494,0.046895382096427525,0.07479465711084515,0.04722574429890858,0.028605599934919294,0.006790743293344958,0.4035424310911832,0.3455992959152747,0.12640747307448555,0.0,0.0,0.0,0.0,1072cm
3.6808123982473413,2.34974206773443,0.6682681149255542,0.08161970061009205,0.040709649452876515,0.02934357733923163,0.017435245521268388,3.65107108621987,3.3119663243912685,1.039314822248437,0.0,0.0,0.0,0.0,1076cm
1.3445473624523228,0.9720292805918506,0.38998169178132913,0.09424631261238377,0.029223244176223444,0.003710352708671528,0.0168383579704172,1.3539311924499664,1.25373673372184,0.32914616583896106,0.0,0.0,0.0,0.0,1080cm
2.609133622718376,1.5854874008853823,0.4131214696265607,0.13258998119615997,0.086677604867181,0.06556651517145663,0.03363831024688218,2.5739415080890824,2.3274714515928703,0.6394498577383686,0.09588647616982728,0.03256702195217232,0.0,0.0,1084cm
0.300133541658184,0.3466365593424808,0.31315933991036343,0.09247490533328948,0.06916902980229014,0.05639021995563975,0.031606248387969715,0.3074000132905993,0.3164145561131504,0.4774974495923206,0.016501238910701606,0.0,0.0,0.0,1088cm
1.945264087655953,0.9479959615539485,0.027758716272843553,0.02228882477046889,0.044341051523172276,0.04716959349324839,0.0352636181915459,1.8965947435632902,1.660739984283731,0.21621789918537013,0.0,0.0,0.0,0.0,1092cm
0.4934696540182924,0.6421687095781371,0.5129714494577593,0.159524307933368,0.10669381950736564,0.08239727008535273,0.04505474860354649,0.508556874312149,0.5545409693587531,0.7172648694279237,0.13388133786346304,0.050191209801944796,0.0,0.0,1096cm
2.2595555936073968,1.0750571139176355,0.2182717293164932,0.10306423940230905,0.07691379801175663,0.06354551128036157,0.041172577166343365,2.2079267646354013,1.9023539049771412,0.38660530969368373,0.0008211793559799158,0.0,0.0,0.0,1100cm
0.0122880477450085,0.10011457938329976,0.13323692243390167,0.09173623918452817,0.030896950247281067,0.0039020775409533345,0.02223790904466262,0.00377525402447398,0.048511969264973,0.06607317384811184,0.0,0.0,0.0,0.0,1104cm
3.091248471326438,1.8401797130762254,0.4579327801598658,0.047167356842423576,0.026978430076071428,0.023938485412788348,0.019586461648613652,3.053852962532127,2.7421710518105074,0.9364175900135319,0.0,0.0,0.0,0.0,1108cm
0.2321700685158207,0.20405923220074532,0.04640807101919063,0.0825446621515001,0.052604877859941966,0.03451506677723818,0.010257585798273456,0.25717095384684047,0.24237882376603267,0.0,0.0,0.0,0.0,0.0,1112cm
2.932730048951246,1.945972581547428,0.4519027586144004,0.011230327003483807,0.012851032384473339,0.020834159747060835,0.02033803000707,2.9153424748165926,2.6826534124804438,0.9308530502685083,0.0,0.0,0.0,0.0,1116cm
0.37761031167336223,0.025140709743298496,0.23524346587244396,0.14154882137842428,0.09793474570606717,0.07451937029423597,0.037052475638548334,0.34448177236221694,0.2515337027045467,0.0,0.034794816163909115,0.0,0.0,0.0,1120cm
2.0424499929090993,1.2427979063973444,0.281997083976454,0.06882370823765083,0.055424378723531904,0.04291636626139334,0.0216793923352035,2.0071069844410045,1.8138365752867136,0.5383931134482238,0.0,0.0,0.0,0.0,1124cm
1.2507282600847032,0.8229147033271648,0.22314748591419592,0.18073013657180995,0.11530108296729515,0.07809587182537468,0.02529884124501105,1.2379852605566262,1.1499347633184478,0.5448348580039758,0.0,0.0,0.0,0.0,1128cm
2.4561849176647947,1.4130129652055567,0.5945784377124714,0.10836924527082087,0.08353775324231988,0.07164409766928734,0.040108664327910715,2.4106154623763647,2.123984401115095,0.7903407508700216,0.06822284664177461,0.0,0.0,0.0,1132cm
1.3964772020013478,0.7700087899647979,0.2426073369020468,0.0931194761295753,0.015811280719263084,0.013556391607322138,0.03325059829350343,1.3642828604490744,1.2689566029337591,0.2749789706133019,0.0,0.0,0.0,0.0,1136cm
0.8101987350506065,0.598444519333608,0.5135340887528512,0.14716635511785206,0.08781064848246868,0.06856801876207543,0.047771596338413956,0.7920883988408024,0.7061834021664117,0.5125138743857296,0.06179178280593323,0.04858309071779683,0.0,0.0,1140cm
3.5093198036951843,2.0805385414474316,0.41269030056525635,0.10388055932267909,0.08225959827826655,0.07286222969136248,0.054868825846646894,3.4664687566544505,3.1420429149609017,1.0218806359257604,0.04533347762357612,0.0,0.0,0.0,1144cm
0.648347107471834,0.42553381130333967,0.2110172333179208,0.09893481175489077,0.10165052243227678,0.09565810741103856,0.06707978338933068,0.6235955137585882,0.5538710224100323,0.3142427175678912,0.0816916670048791,0.10525370798295729,0.10291205599997469,0.0,1148cm
2.187651772600786,1.2813409711708508,0.3513852143529637,0.17904324024654,0.13562539418703445,0.11060815046277024,0.06310742672612955,2.14655028033635,1.9462387764893467,0.6949109448085338,0.14766108871461642,0.06512273752094441,0.0056535583070015435,0.0,1152cm
2.4920872111065866,1.57794857647034,0.4763314790768188,0.0651234169477254,0.044627344717217576,0.03812640237843628,0.028553694254141254,2.461505890601805,2.235490899325115,0.9094442485431201,0.0,0.0,0.0,0.0,1156cm
1.812388196768638,1.0058326298790214,0.08389676483514306,0.052442957855182624,0.029573320204904982,0.014350863701708013,0.012640007311087016,1.774520169329598,1.58164847879052,0.40110745849531704,0.0,0.0,0.0,0.0,1160cm
1.6361912264653011,0.9919147158065383,0.3373209770167291,0.07594408400210916,0.0450005857713147,0.03999923937428296,0.04296963256849591,1.5928403281711105,1.4411871027432466,0.667697471054745,0.0,0.0,0.0,0.0,1164cm
3.260917897311629,1.8719949057491596,0.4358998038738431,0.07857866386660825,0.08258385866027676,0.08616475643621735,0.0803008466981716,3.2258119646704935,2.892538042657027,0.8895958795412968,0.09382129705113401,0.03854760841752592,0.010569513420163181,0.0,1168cm
0.6172699314769791,0.5802344682140479,0.24280955551514366,0.18847608003450925,0.18241029360140987,0.1704153160516725,0.12378872183950276,0.5904306722077083,0.5973853292507167,0.43844327215537554,0.0,0.0,0.0,0.0,1172cm
4.291090352273938,2.509531779242995,0.880230063391511,0.39433961988637617,0.31688800515793425,0.2680688535298175,0.16508741076899114,4.238506887955969,3.7983176237755503,1.4576650066392398,0.6078124799363023,0.5175332397156107,0.40385905328645355,0.08646896170483245,1176cm
1.1600135707474097,0.6594045775613254,0.17485565849890064,0.3140783846322007,0.28886975532104964,0.2584323574689625,0.17184087385573552,1.129578681086861,0.9952277534775082,0.26198319618150956,0.03084573561137392,0.0,0.0,0.0,1180cm
2.991085341714023,2.0781467064030137,0.9798223363261892,0.3076110706299202,0.2606361359393957,0.23818387957592993,0.17159391896050225,2.949270913636666,2.747353308224258,1.5018344088931475,0.3796037767413791,0.32781699515990254,0.3049186502582598,0.19591272387777028,1184cm
1.822486361844431,1.0783819653063615,0.16505251006985355,0.2169923374048748,0.2107773814763512,0.20389187900231198,0.15986839635587075,1.7996749253542161,1.6110389832892988,0.4235125124435004,0.09274801706657611,0.1327619326281578,0.06318768748749223,0.027482166308578988,1188cm
2.2758045079186306,1.43960417381255,0.6478409711528493,0.16867600836205995,0.1645329005029735,0.16448563589461976,0.13834069109821456,2.225347583526454,2.046173757442356,1.0252612525401257,0.22583897046895027,0.1580562768695616,0.21184593678795433,0.09115831733854612,1192cm
1.2976943679852104,0.6086096505587296,0.11639236740114504,0.11172990189042029,0.13450424616365805,0.13593596322893275,0.11339834130140473,1.280846135187701,1.0929097163699915,0.03574462905778601,0.05001914992778475,0.11765550328134489,0.059558303272274224,0.0,1196cm
2.6001224688037996,1.810351494275272,0.9125214780644865,0.23824982971742292,0.16746094873324516,0.13749572553993833,0.09049338653228552,2.545152098959523,2.359803114392753,1.388267109738272,0.155046816006371,0.055892818377370194,0.05733969469028685,0.0,1200cm
1.546155898179054,0.6714261747790511,0.2628858541495035,0.04167503928907286,0.006560780457895558,0.021444709503363347,0.0337495953610972,1.520196653149588,1.3279630452840967,0.0010358851311629163,0.0,0.0,0.0,0.0,1204cm
0.9090123209664543,0.5928063734622262,0.28307818339605295,0.028714906045875368,0.03834119026036678,0.034295159515858785,0.008002406532970909,0.8763235163465083,0.7809134435809653,0.4650960023120642,0.0,0.0,0.0,0.0,1208cm
2.8066451940026673,1.6849836979202935,0.34078215612247253,0.03434281080338278,0.0634163305577805,0.06333066893646834,0.028436677634321294,2.7645982158645492,2.5125392497661845,0.8044672466911433,0.06770649526258324,0.0,0.0,0.0,1212cm
0.5917144420773749,0.31537067317265405,0.11126775470335896,0.13787577590383265,0.09632441908342443,0.07074974028835561,0.020307883555706615,0.5666411124658015,0.5078685958194951,0.1674164024701622,0.0,0.0,0.0,0.0,1216cm
2.261663634125637,1.2897932473837734,0.3958855647125841,0.09493256222179164,0.0624967544444514,0.048642947028549634,0.028217667040729637,2.224192048229564,1.975594994227144,0.6197775587316723,0.0,0.0,0.0,0.0,1220cm
2.203994412672979,1.4329009911875699,0.41394268048918076,0.1202980117261034,0.10001533446936034,0.08414662823031764,0.04743631077857854,2.1546820570151914,1.9941983241811558,0.9149142628668555,0.03788837108331957,0.0,0.0,0.0,1224cm
1.8182968143232003,1.02789068952433,0.22408653378559518,0.1368337078486389,0.1055467302974827,0.08329274991059196,0.04391192670322692,1.788291120893764,1.5807137577007049,0.47419146476534335,0.10979101938402262,0.023106240088721156,0.0,0.0,1228cm
3.153271886843512,2.0170514436831057,0.7524336100852553,0.08864672997679632,0.04024758129665348,0.02710123185763719,0.016927835370704983,3.0935599897860153,2.8315546296319294,1.2925837842842844,0.0,0.0,0.0,0.0,1232cm
2.20633765632624,1.0882126840562742,0.18588985161617305,0.12081225553804842,0.0629633092224764,0.03701552891345531,0.003735919869854543,2.1568220603056,1.87604129703579,0.2507838634089567,0.0,0.0,0.0,0.0,1236cm
3.2641556714606876,2.159337643783182,0.9153882573285156,0.15701565573124462,0.07215322989921705,0.04484194571915005,0.01898626850714962,3.191401971562528,2.9462365164183755,1.461288974494429,0.0,0.0,0.0,0.0,1240cm
3.3444050630638134,1.871884896397912,0.21076372354954137,0.02105891811625325,0.029291818482026166,0.025048119834810142,0.014650233077454632,3.300340913974142,2.934648313193607,0.8223585593009712,0.0,0.0,0.0,0.0,1244cm
2.2180769731940035,1.4091040813300135,0.39863686094512807,0.03992360953816943,0.021500499910525255,0.015635161970087248,0.010680129218663043,2.1365558875008843,1.961994523697627,0.8717660040255887,0.0,0.0,0.0,0.0,1248cm
3.4729863439551356,1.9626443908468951,0.4390117284805348,0.016284092290900318,0.01330697211024867,0.014469098802262225,0.003100803648805792,3.4176352785007413,3.050110602063224,0.9120163209926853,0.0,0.0,0.0,0.0,1252cm
2.2429449409151063,1.343603950059462,0.10718911887960736,0.09892194786619969,0.050907753564009776,0.031359417461183266,0.007806150591491109,2.1908841284641434,1.9654972558806896,0.6768824257876647,0.0,0.0,0.0,0.0,1256cm
2.4222778348777907,1.5421569936621256,0.4047030552214937,0.03234955895475186,0.014434144724141852,0.011015505357085727,0.005512808809828001,2.37699165888013,2.1935336772676064,0.8938911599853749,0.0,0.0,0.0,0.0,1260cm
3.3460855540121903,1.892316178203315,0.5778454181779279,0.1249047325882446,0.06618179097174687,0.04261942899434283,0.0137655616487982,3.2811626908690137,2.9095819379625687,1.0142443202338123,0.0,0.0,0.0,0.0,1264cm
2.640721481866541,1.6270257666130081,0.10609073752811315,0.03618136430780704,0.0031278975797056617,0.003956372516619143,0.004566052306428862,2.582077645823712,2.364749127720734,0.7105183497456441,0.0,0.0,0.0,0.0,1268cm
2.6138924619469734,1.5677278593894397,0.6278303656249907,0.0925376720001609,0.03369938531948803,0.015038037247468217,0.0020475590098858877,2.566924343749845,2.297377822891708,1.056578806715272,0.0,0.0,0.0,0.0,1272cm
2.3298465665348886,1.3642373906874576,0.1260823246593693,0.10466284599628112,0.0881888549527391,0.07405056881309446,0.044038644331913394,2.273078828470629,2.06349334172575,0.5586372666860774,0.0,0.0,0.0,0.0,1276cm
1.2797451888052331,0.7144893161409551,0.15156525414394298,0.1986954066724785,0.14320836304849272,0.11892028505490722,0.07354901165742977,1.2456058111646489,1.117988262850051,0.30710704234164815,0.22848098604371306,0.13091309202002974,0.02755447555003454,0.0,1280cm
2.6637390658489966,1.636555656212157,0.576677050064106,1.1964864918811698e-07,0.06900006404915288,0.0832350724094715,0.0736054545025101,2.6058725460219327,2.355501596973834,0.909385049827317,0.0,0.0,0.029439878252309048,0.0,1284cm
3.193089754128543,1.7288201087469697,0.09788023425491274,0.14692118958234793,0.11744244091238452,0.10316249304727122,0.07561145959706816,3.136819835526146,2.7776478681510652,0.7918401510179223,0.15164833800623428,0.12508852818235122,0.08850400938065872,0.0,1288cm
1.2760264116754692,0.8303241873333453,0.1459348534635059,0.07847107270855577,0.07762569987197167,0.07695275726259486,0.06740604170274062,1.2447878319311654,1.1484969401123795,0.45374395690405595,0.04749178049166889,0.036570189563781254,0.0016251496555120027,0.0,1292cm
2.9417254158785764,1.7144484776003013,0.4853935460036401,0.05334839614154694,0.02465469869609005,0.05154426795218325,0.06460881499760748,2.8951944021288094,2.5960743018762065,0.9043172166441995,0.0,0.0,0.0,0.0,1296cm
0.862553702488358,0.4975798292674372,0.10535670439325644,0.22163483869296222,0.17634391693869272,0.14836525172033926,0.09207115330305296,0.8333095191484783,0.7571141008018747,0.1804168122666637,0.1396560107829351,0.0933976089047196,0.09349499360546559,0.0,1300cm
1.5423591987228074,0.8979386437032995,0.08542521369124184,0.23079872365705445,0.19760391536406882,0.16719499672391355,0.09884504800827323,1.5234695440726136,1.3711468876540365,0.4234009158769666,0.3014475348467941,0.23589433444868876,0.13042245393057714,0.0,1304cm
1.4534748505878181,0.6486009983161594,0.1363699308851014,0.10909778946075642,0.10661438296227121,0.10336476433477756,0.07730847818038167,1.3808975605231222,1.1896261708978682,0.26427843147487223,0.0,0.0,0.0,0.0,1308cm
1.1515735237301927,0.8081293345134416,0.40563735044346794,0.032113899921214835,0.02328801343328851,0.04378424858954724,0.051419923917528504,1.1657326539315889,1.0660714005682002,0.3752784065014474,0.041396069850219874,0.0,0.0,0.0,1312cm
0.502407130295738,0.07359168725827216,0.3306488785381876,0.16245650760894706,0.1049871744066018,0.0776879237868883,0.03867577968251981,0.45316741463050264,0.36675383280181406,0.009459415934594786,0.024166329530055954,0.0,0.0,0.0,1316cm
1.2671247838193966,0.9355416258817986,0.39904430748791303,0.04989655304268989,0.03103474419218961,0.027686561040571097,0.015718690380626035,1.265519096621959,1.183198855632167,0.5282232732286714,0.0,0.0,0.0,0.0,1320cm
0.7598751826399682,0.2935522976808507,0.032563171675050254,0.126079788539734,0.11472794630383294,0.09749343331912,0.049532053612096616,0.7228461698644852,0.6025536754020256,0.11007716250608113,0.09449190944497049,0.0,0.0,0.0,1324cm
1.085332073219939,0.7866598120294316,0.23469163271884627,0.10782524470891892,0.09117334291701272,0.07454629217536987,0.03561025793020776,1.0630692990627069,1.009729675295523,0.5639191716832489,0.0,0.0,0.0,0.0,1328cm
2.4471737233631012,1.3795423883051137,0.38485698664433327,0.005162683621963218,0.01579770321692056,0.012564378300317487,0.004650871929954764,2.3992219347999155,2.110661490008672,0.5900293560161464,0.0,0.0,0.0,0.0,1332cm
0.024462373252025403,0.05310220589262539,0.24972204240887838,0.0919130962514473,0.06607562554438665,0.05395209811383233,0.03059169029958852,0.02799547866043719,0.010516779040041885,0.0,0.0,0.0,0.0,0.0,1336cm
2.0803854825591586,1.2659077989861385,0.45626578496218756,0.03139515488135916,0.01673786658138687,0.030970700727863825,0.036988961750410346,2.025089832873667,1.7894558538014937,0.6777733929889325,0.0,0.0,0.0,0.0,1340cm
1.0199608754983185,0.582481769357021,0.043057129247270697,0.11497791520246489,0.08323192216891451,0.06984965685082091,0.052731345732484836,1.0159841378042749,0.9370484935726813,0.19690900789529886,0.10591268936296014,0.0,0.0,0.0,1344cm
0.22978219563355912,0.07079090500396726,0.14418913536839714,0.06926063535481693,0.06380565570041986,0.063062087667212,0.058741495462364214,0.17920097625725484,0.09418250061201763,0.0,0.017335895666631504,0.08429357453882755,0.043512447040421426,0.0,1348cm
2.1832624615141345,1.6054587709898431,0.614002017219479,0.04385128729045727,0.02436475950417252,0.0469596812631608,0.0610872393002833,2.181172782499139,2.0463566234046637,0.7762031689436338,0.0,0.0,0.0,0.0,1352cm
0.4995171653068727,0.11533969916411177,0.37824900772330766,0.17623911057430527,0.13359057413234196,0.11682852468770241,0.08530117291918277,0.4396735988414944,0.2929745526295544,0.0,0.17798930940252056,0.10366309518143865,0.058237863739094405,0.0,1356cm
0.36388540649382406,0.48099345587072884,0.058502196586221966,0.17396520302377932,0.15231503475518235,0.13891138565987948,0.10138319618870917,0.3813211741820086,0.37385303910963336,0.0616476531530243,0.07206015554916365,0.0037803654037550207,0.007155561401803687,0.0,1360cm
0.7466595646502227,0.8129818836083603,0.37158024518856825,0.16754826061364395,0.1700888530478558,0.16067685928347253,0.11554847489638258,0.7909180663726245,0.7440831132968857,0.08851492308608606,0.23122199911925959,0.26235689926421835,0.20588530187791715,0.023109800222217262,1364cm
1.957617669455438,1.3434761557783643,0.21668040018399115,0.191303021714324,0.19374821967701095,0.17764541746463933,0.12102434242003378,1.940484127524789,1.7254597562756824,0.11600089234316593,0.0,0.0,0.0,0.0,1368cm
0.6501262893934516,0.7012198723259867,0.4668742936653632,0.3274235910850591,0.2573773207167866,0.21365107857363017,0.12970274018347383,0.6697664089866062,0.6173614279609908,0.16860827292707856,0.4382702692634712,0.2641538993731172,0.22787033709651647,0.0,1372cm
0.32729004271232126,0.1012566863801322,0.31536379203647724,0.25345869832010437,0.19949050006235955,0.1725063999315612,0.1133493565339876,0.32727245627984675,0.3056233867857891,0.27181914438874394,0.09689175378014597,0.10116019526265205,0.013506898396660817,0.0,1376cm
0.6232395314319954,0.3232655923054977,0.3153709397712561,0.1132209533665368,0.004218841461615117,0.04090090391173865,0.0661891442919965,0.602364232842991,0.5404726734864468,0.3002876948598347,0.0,0.0,0.0,0.0,1380cm
0.7591774933347827,0.5325893614187741,0.12509157105079874,0.05097954423106171,0.037065848874985895,0.02993033248163528,0.019090504749526064,0.7476753256047545,0.6863024501547145,0.18369902639029245,0.0,0.0,0.0,0.0,1384cm
1.1922033955102755,0.8767338847863116,0.5993755323411977,0.04924836692764692,0.04079697148199177,0.06901861584439943,0.0678661930048966,1.1967970808182093,1.1022302749531263,0.47611176659284454,0.0,0.0,0.0,0.0,1388cm
4.845352612498881,3.283959006980707,1.6005643496143886,0.5080537488146346,0.3552425138492524,0.2822203267181286,0.1544835828256152,4.806579630965772,4.4200951827615835,1.9823644624355587,0.21434818898479335,0.09805789378223477,0.0,0.0,1392cm
1.0747348513607322,0.6307782419005474,0.42226137731833036,0.5849584077103633,0.4439943406142327,0.35038940308287664,0.18738576612673502,1.023894354694635,0.9010941880447371,0.5857324817739518,0.7349887798116068,0.5634051497761798,0.5177737370116281,0.17015581149212172,1396cm
2.689002654182065,1.746121935955983,0.7715837440357581,0.18452265533762066,0.1488254296221468,0.14275778675381928,0.11720506584334378,2.6327942757672487,2.3988435736578717,1.0183264504335001,0.0,0.0,0.0,0.0,1400cm
0.5127623004910868,0.7506552014030268,1.4346117569925472,0.8435631699371641,0.4674388307476085,0.2803066392211499,0.04927671153197405,0.5549410698073126,0.5662182431486659,0.8718355277909625,0.39694460004954785,0.0,0.0,0.0,1404cm
1.03465187681982,0.5612536453595054,0.35010645773123794,0.26753894103372566,0.19005350950033978,0.14427100310427338,0.07239763499872096,0.9901791924190134,0.8341435527822637,0.21294005855654358,0.0,0.0,0.0,0.0,1408cm
4.50167054710307,3.317124472332123,2.0990930394973315,1.0335592066990815,0.6559148727792661,0.4716935102708549,0.20314545147664978,4.4542394784505746,4.188007822820697,2.566010969066083,0.956688795016685,0.5654232552148318,0.4122591050105406,0.0,1412cm
0.4206122958877226,0.23628090171808602,0.9181858672085467,0.358227346265111,0.06836236192500175,0.04010727281096116,0.10374827087323836,0.38144430917359456,0.17107990473508583,0.5821671354096435,0.12947005904731046,0.0,0.0,0.0,1416cm
0.7254840693591589,0.5581397577290698,0.522646557199146,0.24659966778433323,0.19528254490792665,0.17947791658432716,0.13117436171546643,0.6222314153058205,0.6425970444279849,0.28416663619371896,0.0,0.0,0.0,0.012001136431573842,1420cm
4.1464097159000195,3.0121332856092136,1.6640272941520198,0.750583608725795,0.47832809873222826,0.3507034453602293,0.16977670080704224,4.161344173959038,3.7901642088281124,2.693691266325132,0.8942381627943059,0.680457785310081,0.5031362686798335,0.0,1424cm
7.37410700192048,3.99161064406855,0.8594059157292517,0.3322353819156239,0.2673212359613144,0.21757770096288281,0.11614686205692668,7.233696240054081,6.451976812239428,0.9316754478539235,0.0,0.0,0.0,0.0,1428cm
8.3076162849142,4.134611527749882,0.8730015660055137,0.15109824870370978,0.030612611010526914,0.004902325953792396,0.017593540792643927,8.237369336843685,7.233332550495943,0.5340489374282349,0.0,0.0,0.0,0.0,1432cm
18.711336092020133,8.241390494479345,0.8434922557506133,0.011768041698408106,0.02469874220335596,0.02842997778560003,0.02543695364979778,18.366545187322785,15.74205181836077,1.01305219358197,0.0,0.0,0.0,0.0,1436cm
20.117531949806487,8.26784138291571,1.00006839596175,0.27792448222611227,0.19816234089554424,0.15483396510659383,0.08647329081752018,20.2427577374897,17.036815258092243,1.355740652236945,0.0,0.0,0.0,0.0,1440cm
3.940566715462757,0.600523269858566,0.4378247198235888,0.3163985103387653,0.2209616222382036,0.1726235193601544,0.09194828278120126,4.640084405364395,3.536003371991807,0.13083683251604913,0.34720541207224614,0.11331463116970444,0.05727853197475385,0.0,1444cm
0.1347807421429617,0.4948051554750061,0.10112630206149825,0.11729341600929434,0.10044511428059835,0.08444118525108245,0.0442458998045359,0.1763838247338942,0.0,0.0,0.0,0.0,0.0,0.0,1448cm
1.3260843795979314,0.7497580331398529,0.5499970791630208,0.11171218847034833,0.03961689147124152,0.021836779713550736,0.008379696212040459,1.3246815219843824,1.1663835059220369,0.6460038596759409,0.0,0.0,0.0,0.0,1452cm
0.7420619288569741,0.4411143905651179,0.06420613264138744,0.055454915572326645,0.09160556188180119,0.08810453506024364,0.04971479804687331,0.6999528050317775,0.6315419107433073,0.05570274974256393,0.0,0.0,0.0,0.0,1456cm
1.7983674947692827,1.038941020791342,0.3401607721411673,0.30356819836093224,0.24362890252410918,0.19124333074832892,0.08367138300638784,1.729848902266127,1.5337530020310803,0.660366022235517,0.41391774582668295,0.0773566145204926,0.0,0.0,1460cm
4.019039860928716,2.534200489948307,1.2445270571383642,0.34803422089009883,0.1929072030044099,0.1307175546092985,0.04520904985403209,3.970767200725919,3.580489575829103,1.4320546703538592,0.0,0.0,0.0,0.0,1464cm
1.7832575917838929,1.2823371302493227,1.0665750557631606,0.4698837733921002,0.2902750530471847,0.20611977219558256,0.08903469140741267,1.8395486881597987,1.6978997021013014,0.6510614710567332,0.30191846468856653,0.0,0.0,0.0,1468cm
4.797207616772737,2.7673503772688575,0.6610626929968892,0.2085671840158997,0.22427894324891812,0.2031541070401738,0.12249916022580001,4.7234669859999165,4.199115018909179,0.8161468086474418,0.0,0.12281701307108239,0.04590923629555755,0.0,1472cm
0.2274193231208805,0.5270136804441278,0.7629635992168647,0.3128099751438691,0.2558700237508203,0.2211355320482492,0.13777776352980073,0.3205060016222834,0.43141719188848376,0.0,0.574762727362124,0.4308437005809099,0.3714123928068893,0.055030745198900596,1476cm
5.626239416932892,3.40715767109971,1.0124711047710657,0.15032626134913293,0.15458169101552618,0.14210748506330903,0.10650582042297424,5.494811889676454,4.920736731335993,1.3327622083879112,0.0,0.0,0.0,0.0,1480cm
0.3499254811880183,0.2736390629769442,1.0353473498218126,0.371436682174379,0.23577622682626626,0.18766700310823742,0.12125486147572925,0.19276110871875538,0.0,0.18594101471095362,0.24727623694040898,0.05527739010987502,0.0,0.0,1484cm
11.615650450362894,6.964537784908218,2.226199074778849,0.12274578594325532,0.08254408699770131,0.13386375019373922,0.13242656786114765,11.338815848616846,10.09832948805053,3.5222751921637654,0.0,0.0,0.0,0.0,1488cm
1.1345469817355114,0.026728606607195515,0.9468948457750501,0.634511530165465,0.44877964241270846,0.3520324162604514,0.19038023103017446,0.9572163107356575,0.5773409958014135,0.24487536722150413,0.670701054436217,0.6160192413555101,0.5500197495280404,0.14388446129317595,1492cm
4.813498383416035,2.564323398865185,0.16917537926367632,0.5603704217036973,0.40799185652326897,0.325964497032801,0.17688013476221096,4.636076169622993,4.028648575875324,0.6791394781253467,0.346286737510931,0.17108008767141963,0.12316143361524827,0.0,1496cm
5.8420454679618254,3.4491397712426286,1.3948810579012731,0.17948304687144825,0.03833909480918952,0.09593888153066875,0.09481686647769362,5.6532232395965405,4.950826988599257,2.4164390350026044,0.0,0.0,0.0,0.0,1500cm
3.42402618032808,1.5612366000215077,0.45456305965263755,0.481208342108945,0.3092112890306494,0.2265465932100553,0.09619920751268797,3.261225139662747,2.720879106572354,0.09540783407105935,0.26701153757103635,0.10108152243037603,0.0,0.0,1504cm
4.180464050904438,2.142963453544908,0.36622043480528893,0.07894372480668493,0.07221165206322402,0.06539425578227859,0.04791016579071013,3.993242173840814,3.3457454598150003,1.0867296577382521,0.0,0.0,0.0,0.0,1508cm
9.6443631179394,5.982190806570626,2.3206953208708345,0.4985920591119984,0.27962630841087294,0.20394321081684047,0.11248367937642002,9.389982276991399,8.330794795449034,3.4892769855855326,0.2220642919829292,0.01956063471017556,0.0,0.0,1512cm
3.805015471895361,1.2350534019300554,0.9779345842158157,0.5189184123577345,0.2642901959899246,0.15559955797999858,0.02397112096964211,3.5183708368461337,2.6175859474353818,7.076264672898681e-05,0.21471494122846504,0.0,0.0,0.0,1516cm
6.359729575392077,3.642180693526543,0.8135151125819541,0.15917529516602774,0.1564731942513507,0.1253307439001679,0.04509034545566019,6.11667619591189,5.253218466056157,1.7393586363178841,0.21155121783322198,0.0,0.0,0.0,1520cm
7.460663821790939,3.7005627317978127,0.8912702501054511,0.043446804766637606,0.019802792840731956,0.029346316055520672,0.014636682935421953,7.152491261649986,5.923120762500898,1.7507023079633353,0.0,0.0,0.0,0.0,1524cm
1.132936958534108,0.7094388351409299,0.30762226614719634,0.15534440122808807,0.06968715549231899,0.03870262830478103,0.012510666579919935,0.9844458317014975,0.65455554923066,0.19486520007388666,0.0,0.0,0.0,0.0,1528cm
10.382913764641367,4.540552171668782,0.6155412959625302,0.017680059408700315,0.004314894116557093,0.00322084131729063,0.0003813450024846951,9.97197525190878,8.049201129445443,1.5704228030001581,0.0,0.0,0.0,0.0,1532cm
0.934630790117848,2.0941893531978684,1.6257092742925767,0.2675118340238231,0.13575288010326067,0.08998002016583018,0.033139789092747604,0.8266644661660323,1.048872007053434,1.9348505239221017,0.0,0.0,0.0,0.0,1536cm
21.09374242938169,8.101084412040484,0.5787309364802171,0.23531071796364805,0.16333234060442783,0.11941313483255553,0.05191467121587622,20.8017879218176,16.09152091110883,0.9639869565472553,0.14466193310314632,0.0,0.0,0.0,1540cm
28.635857245066564,7.998603613581236,0.3400696647952131,0.17791154923920807,0.14313746766504026,0.10936946082716846,0.05071129067362941,28.368800576176888,20.592818561492138,0.0,0.0003538164353830652,0.028068436286659695,0.0,0.0,1544cm
24.568757975407014,2.6868109874362305,0.7004094699267503,0.22717636991965254,0.15333942656337102,0.11354894479388541,0.05186947213449249,23.6717211749817,13.931019362143719,0.0,0.22603350504971667,0.06054446201088232,0.0,0.0,1548cm
9.748003616236595,3.8398732309569117,0.765954277694972,0.22005649386703532,0.14015114042147406,0.10237762725125825,0.04638917144774584,9.603961257594388,7.238704795968165,2.0590386939270853,0.0,0.0,0.0,0.0,1552cm
0.292283905848794,2.0998223849042845,0.3818415600227928,0.1417800576911647,0.08897669129960441,0.06676033120981932,0.03538032462497994,0.3112199835517553,0.0,0.0,0.0,0.0,0.0,0.0,1556cm
0.7276303598937078,0.24373917998005182,0.07366115891855961,0.04393147080014259,0.03335811026188463,0.029379101004887376,0.021611378689715098,3.098519030354445,0.0,0.0,0.0,0.0,0.0,0.0,1560cm
10.743028912005538,1.1272600229573926,0.29051285147687045,0.07011726009486624,0.02532639088705077,0.011008455807511607,0.0026300937489911165,6.229248303679884,0.9930107211670495,0.07398434918774249,0.0,0.0,0.0,0.0,1564cm
1.183462984943546,1.4984769857077016,0.21482494350169784,0.06949797218807492,0.03711361449190055,0.0240203185407862,0.0067521350138577095,2.097289534900836,3.0243669874142523,0.0,0.0,0.0,0.0,0.0,1568cm
1.2160587143530903,1.2904917852130584,0.021710377872378634,0.049597715487231894,0.035436073744919444,0.025559920924640853,0.008882795503527888,2.0403657558264947,3.5178043198586026,0.0,0.0,0.0,0.0,0.0,1572cm
7.017818311880905,1.2140936473359645,0.15219131660275628,0.03965974590142596,0.029665242063238367,0.022914627836082644,0.010588326882399062,5.3411000966860085,0.0,0.0,0.0,0.0,0.0,0.0,1576cm
6.358974083936623,0.9205807530059257,0.1006404001132275,0.006812673043675557,0.01105248237992796,0.011886139165658243,0.01084911273920243,4.767775164385942,1.6418752128794785,0.0,0.0,0.0,0.0,0.0,1580cm
2.9086527370917037,0.01459422083048944,0.2854318208394213,0.031650570989116646,0.009800490601442747,0.0015121221570986523,0.007998221197294778,2.000563365452852,0.6999362707698413,0.23536769162788404,0.0,0.0,0.0,0.0,1584cm
6.045494419239932,1.8699244167780793,0.006722990666668205,0.021664466344019834,0.014680331811371818,0.012016618368887642,0.01071209782456423,5.427236699110417,3.7508641695904097,0.16199117107000216,0.0,0.0,0.0,0.0,1588cm
9.623434972357467,3.738886915113891,0.38641794692591863,0.08342229891399888,0.03760726778267358,0.021854275635010377,0.010566479819316028,9.008418423210859,6.870723402418309,0.0,0.0,0.0,0.0,0.0,1592cm
7.887124268350027,3.2206448804746164,0.2243459853348627,0.003496688650838771,0.0042612729523595,0.0030129788071792817,0.003724283499044316,7.420206273767887,5.700703063966963,0.21271907885645136,0.0,0.0,0.0,0.0,1596cm
2.3391610277972457,0.6141484048423635,0.4703092535827619,0.16345065335197156,0.06551200979975125,0.029301779284081075,0.004046017562274727,2.1788845781272967,1.518612676513581,0.42713004926616716,0.0,0.0,0.0,0.0,1600cm
3.1378236485301008,1.1049279299075634,0.11385882219747925,0.08863336741679649,0.05804077440122997,0.04556946508987903,0.02545874590551112,2.9822035178886166,2.2339942239638435,0.0,0.0,0.0,0.0,0.0,1604cm
0.2572666416179204,0.008952569748490076,0.44225469737911854,0.23592193549255822,0.13487359483283712,0.09148744262515547,0.035761436986700826,0.25559535776224174,0.07537884407346238,0.0,0.10575990140493773,0.0,0.0,0.0,1608cm
2.1761090460361827,1.346836374739513,0.8216042787736796,0.16568785746239822,0.05737312256510206,0.022797208610289603,0.002072868187297973,2.118018619861912,1.8201448614481286,0.8195881404411478,0.0,0.0,0.0,0.0,1612cm
0.4683085481783581,0.17001713825601406,0.2570257560080127,0.08007084639860444,0.04489579314200893,0.0314510984980837,0.010943318787916368,0.41283558274704324,0.37028754724644497,0.0,0.0,0.0,0.0,0.0,1616cm
1.9535556106310261,0.993316733957026,0.08539435855161435,0.11515614290536044,0.07504623045696476,0.0494184792976736,0.014127646317657633,1.8785348875199144,1.6198887359363103,0.4046572431230166,0.0,0.0,0.0,0.0,1620cm
1.3438883354404194,1.0026622532265095,0.561461312073406,0.18459252837217716,0.09875361500560365,0.061187981916100115,0.018291706982620046,1.2980255435069707,1.2193855904310988,0.7369020036793885,0.0,0.0,0.0,0.0,1624cm
3.2748528750402373,1.553857179040237,0.10247881222932573,0.03874521111448818,0.040818466426657006,0.03476188550531499,0.02022884572325226,3.1599596844160946,2.728725543807677,0.5274864227371615,0.030436506252658365,0.0,0.0,0.0,1628cm
0.6098280528630057,0.5561427388320418,0.35564037640692164,0.03895304186293,0.02807288340550076,0.02885079812310483,0.023672561842070387,0.5403433568546825,0.5156165838117895,0.484707532370766,0.027308656221729507,0.0,0.0,0.0,1632cm
3.3529726619895293,1.8594135798377283,0.2853468433247034,0.022704159266270296,0.02256733007160883,0.020608596878994283,0.015390565871574004,3.220775770342116,2.908642172359705,0.9258374641393881,0.0,0.0,0.0,0.0,1636cm
1.5794406694642558,0.7292050009985727,0.16044644518282347,0.041791256670290856,0.014323169684379846,0.005037508922014095,0.0007140672214427237,1.4623516433414594,1.20587456279604,0.31373335765118165,0.0,0.0,0.0,0.0,1640cm
5.793134634822299,3.6268264294510355,1.037053415805741,0.08025737327750485,0.026034404183992506,0.0110866584276587,0.00011006894001285358,5.62317659299145,5.1643668167260905,1.8818379768658338,0.0,0.0,0.0,0.0,1644cm
0.4984229311121569,0.006117054802631605,0.35812988521199446,0.07886008798923629,0.026014076682270324,0.011974449111906139,0.0013068654261062596,0.3676991508192174,0.2357881596914403,0.0,0.0,0.0,0.0,0.0,1648cm
5.412900746374359,3.3545066193901505,1.1278811402395905,0.12193652467829592,0.041625852738532074,0.020408601819884988,0.005896032959449849,5.214314662940641,4.764364564638781,1.778578434812328,0.0,0.0,0.0,0.0,1652cm
2.6741927447829976,1.2902832931499615,0.0024942547730783297,0.07590762556784345,0.0449035634585322,0.031422351534100175,0.010361412514899485,2.47887675311817,2.1598482164657744,0.6371794488566546,0.0,0.0,0.0,0.0,1656cm
5.074878100839521,2.9315874613344275,0.6261312330679845,0.019715818149539016,0.024659121379545727,0.022756119100728056,0.012610061285691636,4.815276826995402,4.356313887467019,1.3696884743053839,0.021189537070530555,0.0,0.0,0.0,1660cm
4.251424323562096,2.3679402704430412,0.5752442672137105,0.029009354322144774,0.009316324133339493,0.0181063034205224,0.016178432129798283,3.9841531197113227,3.5638323663903444,1.3527428013816782,0.0,0.0,0.0,0.0,1664cm
6.667150996612678,3.7721408452511147,0.7171711818490377,0.05791952569934756,0.05695962325252465,0.04831955192398982,0.026022820843351287,6.315501324460302,5.700470625693448,1.8089782984895295,0.08649287046001657,0.0,0.0,0.0,1668cm
5.10465869483364,2.6939965345151884,0.34825877624687973,0.10563062375468407,0.08384427041057459,0.06461608554813253,0.028756434864753135,4.743079200534498,4.223466053156985,1.2285616611968548,0.03270428130118087,0.0,0.0,0.0,1672cm
8.64382766697687,5.002224118711917,1.262724762057294,0.05990034223259938,0.0059007587534325575,0.006281167213463067,0.010341515863624116,8.194517674299947,7.40185134909348,2.7036817859841835,0.0,0.0,0.0,0.0,1676cm
7.253628512825263,4.04346337145431,0.8167165232080708,0.088083634079486,0.04878493022590375,0.029590941023382503,0.002692773832549161,6.78183516964636,6.106716790333597,1.9673624312266325,0.0,0.0,0.0,0.0,1680cm
8.738959575966874,4.881675662450983,1.2084330752174437,0.1306978939164624,0.06712159970928835,0.041983947659848794,0.007497635547023213,8.170204383611823,7.3477514388685465,2.595062190186818,0.0,0.0,0.0,0.0,1684cm
9.058547258414674,5.153267582577459,1.1223199508208395,0.03385191470868674,0.009907548272696366,0.003381010499250185,0.005235100357743,8.415159185312689,7.609428730572104,2.652177777534717,0.0,0.0,0.0,0.0,1688cm
12.52917385239399,6.71722323237841,1.354302931899417,0.026786432082309065,0.008602401420007788,0.01594923720170773,0.015612916389884204,11.718992829298475,10.478738424975258,3.2760031536653558,0.0,0.0,0.0,0.0,1692cm
10.264267687632827,5.975724394106353,1.5137317922241174,0.13155182439251698,0.03392806128953331,0.006915478615786182,0.00863050261035862,9.50683699019432,8.625712673236936,3.200228186511147,0.0,0.0,0.0,0.0,1696cm
11.416807548557312,6.05631707505823,1.2479621215374708,0.03268956042024307,0.03640001730608516,0.02724566516076624,0.00996068641897949,10.547994193277567,9.430780043870472,3.0065709675052545,0.0,0.0,0.0,0.0,1700cm
12.654386203395585,6.827394497380047,1.0305531829808212,0.0845319700117359,0.03857837344765163,0.019250001083330137,0.002875814186040362,11.62159848622717,10.435960043803458,3.1734605534618523,0.0,0.0,0.0,0.0,1704cm
16.082998678005733,9.015137197373544,2.5832058348685853,0.3533335992182007,0.1707629172326406,0.10614125730165017,0.03260454373833102,14.789313766283016,13.335126755886025,4.920706085337982,0.0,0.0,0.0,0.0,1708cm
21.051500184659513,11.496777345318849,2.59192258736449,0.2628846066019079,0.13210404933878644,0.0846913682285687,0.02822262796476236,19.51516505366639,17.529331880921486,5.7393909470310644,0.07246227965108214,0.0,0.0,0.0,1712cm
16.14611541889316,8.444831959230795,1.6971529452102505,0.028959588924807083,0.01419541525258223,0.012444257748810016,0.009223422837621722,14.453683218097384,12.919424136608962,4.02628025911519,0.0,0.0,0.0,0.0,1716cm
22.34719665473555,12.122843860266407,2.741159011650378,0.1816181433035634,0.057850104367178266,0.028997192428367305,0.012862797594179604,20.464996514841886,18.41049956843103,6.0804274773612645,0.0,0.0,0.0,0.0,1720cm
19.210819549031843,10.014033132615635,2.260508362721243,0.07901463591016633,0.016523775903144418,0.008198025323029727,0.00850069708070286,17.1608554496693,15.314161074641124,4.999822913205489,0.0,0.0,0.0,0.0,1724cm
22.396550309853573,11.81873497145593,2.359787685922105,0.0894104811492421,0.05611459025028192,0.04505819843959141,0.022854663247126768,20.261599543857525,18.141389073316294,5.582761650434007,0.0,0.0,0.0,0.0,1728cm
18.93662239912782,9.857609491780078,2.584387545034252,0.3463261243108278,0.19348228719390592,0.1317732716874892,0.0471509896651696,16.65105453777807,14.91062628533006,5.0802362736621545,0.07642183949589491,0.0,0.0,0.0,1732cm
24.44801397715199,12.898877240323888,2.9877261558860977,0.3510305712054452,0.19208084174381224,0.13061698660378893,0.04768106421974464,21.878130258938473,19.631217559585412,6.297683105960741,0.1905036890011101,0.0637385292014439,0.0,0.0,1736cm
23.893622458391366,11.717122062253825,2.5211406903902414,0.1097765131731119,0.0514491590892008,0.03746213480117016,0.019903322285456566,20.62675958457336,18.2391998480072,5.435230009757701,0.0,0.0,0.0,0.0,1740cm
25.972901083723087,12.480190149335986,2.532973744987324,0.08247667968420323,0.02198606003194227,0.012687978133469219,0.010446388443300344,22.578004977079,20.077593756456526,5.878292021810675,0.0,0.0,0.0,0.0,1744cm
22.253617066356263,11.504073815508889,2.760831354643095,0.18805100704279235,0.08051184620683566,0.05128961023054956,0.023448358386591577,18.570783936951713,16.482304726316954,5.3259674141113145,0.0,0.0,0.0,0.0,1748cm
23.297017067793135,9.796710502463013,2.2175244842578374,0.2043994227070006,0.09505013016435886,0.06338998762901778,0.029553739403754015,20.19931121278211,17.78367186418399,4.849583230718854,0.0,0.0,0.0,0.0,1752cm
11.004871610739123,5.964437419797938,1.5895787958485306,0.18776608635059944,0.09489409254510645,0.06344797490384754,0.02787664728766815,8.081114654894932,7.170294685225235,1.9603649440195778,0.07625568458504933,0.02851594194785656,0.0,0.0,1756cm
18.619656969415026,7.467716499522322,1.7835206785210533,0.18580931180936125,0.09824895316552823,0.06562907885678998,0.027285297928288467,16.459401801792882,14.270124837575645,4.46392656687269,0.0979130673750239,0.06936859824702363,0.0,0.0,1760cm
27.461464900612057,7.912580348775223,1.465887608730515,0.14177723424356017,0.07698911655424694,0.05304793990790439,0.02382857775950093,17.370191365862752,14.86607965217187,2.2849289201899023,0.0,0.0,0.0,0.0,1764cm
1.3211201025228672,3.2553635889386587,0.7166584527105941,0.08683483880849585,0.051535676427799174,0.037828801142777285,0.019276869539447433,1.4169488618716637,0.0,0.0,0.0,0.0,0.0,0.0,1768cm
18.149521272095797,1.3584638387077255,0.12776876855540664,0.0285966923101495,0.025770162025706443,0.02239779553862003,0.01437042586035955,8.971752357589885,4.475306457915883,0.0,0.0,0.0,0.0,0.0,1772cm
30.883819637171825,5.720829661975875,1.0215657228761441,0.03134571139038206,3.2457164478901315e-05,0.006994887733186734,0.009406218714200764,16.735621562986516,12.571984992222198,0.0,0.0,0.0,0.0,0.0,1776cm
38.83488016868217,9.979128018042937,1.9580977006930467,0.09288968301945205,0.026087437777187323,0.00849036484245265,0.004434197597026906,21.689287706266526,17.972396485866824,0.0,0.0,0.0,0.0,0.0,1780cm
42.66916010838054,14.180144961434678,2.9328511005691813,0.15604082026476743,0.05252387088693844,0.024130266752867644,0.0005380414120901433,27.525853881232788,23.838768507240122,0.0,0.0,0.0,0.0,0.0,1784cm
42.486549825584916,18.326359247380086,3.94200621075228,0.22077547628663002,0.07939567747589535,0.039956136692368555,0.005509880431514341,31.36589256509223,28.29185669426529,5.320129363583475,0.0,0.0,0.0,0.0,1788cm
38.16077996870651,22.404828674061374,4.982436973883791,0.2870508046130905,0.10672023630724871,0.055979218756071814,0.010482307035680488,35.64024468826345,32.8360467806135,12.716989161951089,0.0,0.0,0.0,0.0,1792cm
29.467747892485875,26.39722802210689,6.051567037665885,0.35481611674153624,0.13449816282010166,0.07220168384532191,0.015456803416698871,38.84146395241977,37.02225865847348,18.091411134233734,0.0,0.0,0.0,0.0,1796cm
16.136641721895923,30.283340177103057,7.147214749150105,0.42401837349309224,0.1627222960097811,0.0886215728803783,0.02043498514126668,41.571773624506434,39.60912177955715,24.016364391863885,0.0,0.0,0.0,0.0,1800cm
